0,Ttb
1980-01-01,22.6
1980-01-02,22.9
1980-01-03,22.5
1980-01-04,20.4
1980-01-05,15.1
1980-01-06,14.6
1980-01-07,15
1980-01-08,14.9
1980-01-09,16.4
1980-01-10,17.9
1980-01-11,20.4
1980-01-12,21.7
1980-01-13,18.2
1980-01-14,15.6
1980-01-15,14.4
1980-01-16,14.8
1980-01-17,15.5
1980-01-18,15.1
1980-01-19,15
1980-01-20,14.8
1980-01-21,14.1
1980-01-22,14.3
1980-01-23,14.1
1980-01-24,16.6
1980-01-25,19.7
1980-01-26,20.3
1980-01-27,21.4
1980-01-28,22.6
1980-01-29,22.6
1980-01-30,15.4
1980-01-31,11.8
1980-02-01,11.9
1980-02-02,10.9
1980-02-03,11.3
1980-02-04,13.2
1980-02-05,10.8
1980-02-06,10.1
1980-02-07,10
1980-02-08,9.6
1980-02-09,10.5
1980-02-10,11.6
1980-02-11,11.6
1980-02-12,12.2
1980-02-13,13
1980-02-14,12.8
1980-02-15,15.6
1980-02-16,16.2
1980-02-17,17
1980-02-18,17.9
1980-02-19,19.2
1980-02-20,19.5
1980-02-21,19
1980-02-22,17.8
1980-02-23,18.3
1980-02-24,18
1980-02-25,19.4
1980-02-26,21.8
1980-02-27,20.8
1980-02-28,18.5
1980-02-29,20.8
1980-03-01,23.1
1980-03-02,23.1
1980-03-03,23.9
1980-03-04,24.4
1980-03-05,23.6
1980-03-06,22.9
1980-03-07,23.7
1980-03-08,26.4
1980-03-09,24.5
1980-03-10,23.5
1980-03-11,22.6
1980-03-12,23.1
1980-03-13,22
1980-03-14,22
1980-03-15,15.6
1980-03-16,18
1980-03-17,21.5
1980-03-18,22.9
1980-03-19,23.3
1980-03-20,23.9
1980-03-21,24.4
1980-03-22,24.1
1980-03-23,22.7
1980-03-24,21.4
1980-03-25,17.8
1980-03-26,17
1980-03-27,15.7
1980-03-28,17
1980-03-29,20.1
1980-03-30,22.9
1980-03-31,23.8
1980-04-01,17.2
1980-04-02,17.6
1980-04-03,20.4
1980-04-04,23.4
1980-04-05,24.9
1980-04-06,24.7
1980-04-07,25.6
1980-04-08,25.6
1980-04-09,23.2
1980-04-10,21.8
1980-04-11,24.1
1980-04-12,26.3
1980-04-13,27
1980-04-14,21.8
1980-04-15,20
1980-04-16,20.9
1980-04-17,21.7
1980-04-18,22.4
1980-04-19,25.2
1980-04-20,26
1980-04-21,27
1980-04-22,27.6
1980-04-23,28
1980-04-24,28
1980-04-25,22.8
1980-04-26,20.1
1980-04-27,20.5
1980-04-28,24.5
1980-04-29,27
1980-04-30,27.3
1980-05-01,26.8
1980-05-02,26.8
1980-05-03,27.3
1980-05-04,25.1
1980-05-05,24.2
1980-05-06,24.7
1980-05-07,27.4
1980-05-08,25
1980-05-09,25.4
1980-05-10,25.4
1980-05-11,27.3
1980-05-12,27.7
1980-05-13,29.1
1980-05-14,29.4
1980-05-15,28.4
1980-05-16,27.4
1980-05-17,26.4
1980-05-18,25.7
1980-05-19,25.4
1980-05-20,26
1980-05-21,27.8
1980-05-22,27.7
1980-05-23,28
1980-05-24,29.1
1980-05-25,30.8
1980-05-26,23.5
1980-05-27,23.8
1980-05-28,26.4
1980-05-29,29.2
1980-05-30,31.1
1980-05-31,31.7
1980-06-01,26.8
1980-06-02,27.2
1980-06-03,26.3
1980-06-04,25.1
1980-06-05,27.2
1980-06-06,28.2
1980-06-07,29
1980-06-08,29.6
1980-06-09,29.2
1980-06-10,29.2
1980-06-11,28.7
1980-06-12,28.9
1980-06-13,29
1980-06-14,28.4
1980-06-15,29.4
1980-06-16,29.7
1980-06-17,29.4
1980-06-18,28.9
1980-06-19,27.4
1980-06-20,27.2
1980-06-21,27.6
1980-06-22,28.7
1980-06-23,28.6
1980-06-24,27.4
1980-06-25,26.9
1980-06-26,29.2
1980-06-27,28.1
1980-06-28,28.6
1980-06-29,27.4
1980-06-30,27.1
1980-07-01,28.6
1980-07-02,29.8
1980-07-03,30.5
1980-07-04,29.6
1980-07-05,30.4
1980-07-06,29.2
1980-07-07,31.1
1980-07-08,27.1
1980-07-09,30.8
1980-07-10,30
1980-07-11,32.4
1980-07-12,28.5
1980-07-13,27
1980-07-14,27.5
1980-07-15,29.3
1980-07-16,29.3
1980-07-17,29.2
1980-07-18,27.5
1980-07-19,28.8
1980-07-20,26.5
1980-07-21,26
1980-07-22,26.8
1980-07-23,25.8
1980-07-24,24.3
1980-07-25,25.2
1980-07-26,26.1
1980-07-27,28
1980-07-28,30
1980-07-29,30.7
1980-07-30,31.3
1980-07-31,31
1980-08-01,30.1
1980-08-02,29.4
1980-08-03,30.4
1980-08-04,31
1980-08-05,29.1
1980-08-06,29.2
1980-08-07,29.6
1980-08-08,28.2
1980-08-09,28.5
1980-08-10,30
1980-08-11,30.4
1980-08-12,29.3
1980-08-13,28.4
1980-08-14,28.6
1980-08-15,29.4
1980-08-16,27.8
1980-08-17,29.2
1980-08-18,29.6
1980-08-19,26.5
1980-08-20,26.2
1980-08-21,27.1
1980-08-22,26.4
1980-08-23,26.4
1980-08-24,27.3
1980-08-25,28.2
1980-08-26,28.8
1980-08-27,30
1980-08-28,30.8
1980-08-29,29.6
1980-08-30,27.8
1980-08-31,26.3
1980-09-01,25.8
1980-09-02,25.4
1980-09-03,26.3
1980-09-04,27.4
1980-09-05,27.4
1980-09-06,27
1980-09-07,25.4
1980-09-08,26.8
1980-09-09,28.1
1980-09-10,27.4
1980-09-11,27.9
1980-09-12,27.6
1980-09-13,27.9
1980-09-14,28.1
1980-09-15,27.7
1980-09-16,25
1980-09-17,26.4
1980-09-18,26.7
1980-09-19,27.8
1980-09-20,28.5
1980-09-21,28.4
1980-09-22,27.8
1980-09-23,26.2
1980-09-24,26.9
1980-09-25,26.8
1980-09-26,27.5
1980-09-27,27.3
1980-09-28,27.3
1980-09-29,27.5
1980-09-30,27
1980-10-01,26
1980-10-02,24.8
1980-10-03,25.2
1980-10-04,25
1980-10-05,25.9
1980-10-06,26.8
1980-10-07,24.6
1980-10-08,26.3
1980-10-09,27.7
1980-10-10,27.8
1980-10-11,28.1
1980-10-12,27.7
1980-10-13,27.5
1980-10-14,26.4
1980-10-15,25.6
1980-10-16,27.3
1980-10-17,27.8
1980-10-18,25.7
1980-10-19,25.4
1980-10-20,25
1980-10-21,25.6
1980-10-22,26.2
1980-10-23,23.9
1980-10-24,22.9
1980-10-25,23.6
1980-10-26,21.6
1980-10-27,21.1
1980-10-28,18.8
1980-10-29,17.7
1980-10-30,21.4
1980-10-31,24
1980-11-01,24.4
1980-11-02,23.8
1980-11-03,21.8
1980-11-04,21.4
1980-11-05,23
1980-11-06,24
1980-11-07,25
1980-11-08,24.7
1980-11-09,23.5
1980-11-10,23.9
1980-11-11,23.2
1980-11-12,23.4
1980-11-13,23.7
1980-11-14,23.4
1980-11-15,23.8
1980-11-16,24.2
1980-11-17,23.7
1980-11-18,23.2
1980-11-19,22.3
1980-11-20,22.2
1980-11-21,22.6
1980-11-22,22.4
1980-11-23,22.7
1980-11-24,23.8
1980-11-25,23.9
1980-11-26,24.5
1980-11-27,24.1
1980-11-28,24.2
1980-11-29,23.3
1980-11-30,22.4
1980-12-01,22.8
1980-12-02,23.4
1980-12-03,22.9
1980-12-04,23
1980-12-05,23.5
1980-12-06,23.5
1980-12-07,22.2
1980-12-08,19.8
1980-12-09,20
1980-12-10,19.7
1980-12-11,20.3
1980-12-12,18.5
1980-12-13,18.3
1980-12-14,15.2
1980-12-15,16.2
1980-12-16,16.6
1980-12-17,17.1
1980-12-18,17.1
1980-12-19,14.8
1980-12-20,13.3
1980-12-21,13.9
1980-12-22,15.8
1980-12-23,15.2
1980-12-24,16.2
1980-12-25,17.2
1980-12-26,17.5
1980-12-27,15.4
1980-12-28,13.4
1980-12-29,14.5
1980-12-30,15.7
1980-12-31,14.2
1981-01-01,14.1
1981-01-02,15.4
1981-01-03,14.7
1981-01-04,14.8
1981-01-05,16.8
1981-01-06,19
1981-01-07,19.3
1981-01-08,15.4
1981-01-09,14.8
1981-01-10,14.5
1981-01-11,15.2
1981-01-12,14.2
1981-01-13,14.1
1981-01-14,14.6
1981-01-15,15.8
1981-01-16,17.3
1981-01-17,17
1981-01-18,17.4
1981-01-19,18.8
1981-01-20,19.1
1981-01-21,20.2
1981-01-22,20.2
1981-01-23,21.2
1981-01-24,21
1981-01-25,20.1
1981-01-26,19.8
1981-01-27,17.6
1981-01-28,15.9
1981-01-29,16.4
1981-01-30,18.4
1981-01-31,16.8
1981-02-01,13.7
1981-02-02,13.7
1981-02-03,15.4
1981-02-04,13.7
1981-02-05,14.8
1981-02-06,15.8
1981-02-07,16
1981-02-08,16.7
1981-02-09,16.3
1981-02-10,18.5
1981-02-11,19.4
1981-02-12,21.1
1981-02-13,22.4
1981-02-14,22.7
1981-02-15,23.9
1981-02-16,24.4
1981-02-17,22.7
1981-02-18,19.5
1981-02-19,20.4
1981-02-20,18.6
1981-02-21,17
1981-02-22,19.2
1981-02-23,22.3
1981-02-24,24
1981-02-25,17.7
1981-02-26,12.8
1981-02-27,11.8
1981-02-28,13.4
1981-03-01,16.6
1981-03-02,17.6
1981-03-03,19.2
1981-03-04,18.3
1981-03-05,17.1
1981-03-06,17.2
1981-03-07,17.2
1981-03-08,18
1981-03-09,19.6
1981-03-10,18.6
1981-03-11,22
1981-03-12,23.4
1981-03-13,24.5
1981-03-14,24.8
1981-03-15,22.7
1981-03-16,22.4
1981-03-17,24.6
1981-03-18,25.2
1981-03-19,24
1981-03-20,24
1981-03-21,23
1981-03-22,24.9
1981-03-23,25.6
1981-03-24,26.2
1981-03-25,26
1981-03-26,23
1981-03-27,22.6
1981-03-28,23.4
1981-03-29,24.8
1981-03-30,24.7
1981-03-31,25
1981-04-01,21.3
1981-04-02,21.3
1981-04-03,25.1
1981-04-04,26.8
1981-04-05,27
1981-04-06,26.8
1981-04-07,27.2
1981-04-08,26.4
1981-04-09,26.3
1981-04-10,26.3
1981-04-11,26.2
1981-04-12,26.5
1981-04-13,22.8
1981-04-14,23
1981-04-15,25.7
1981-04-16,26.4
1981-04-17,26.5
1981-04-18,27.6
1981-04-19,28
1981-04-20,24
1981-04-21,25.6
1981-04-22,25.2
1981-04-23,25.6
1981-04-24,27.8
1981-04-25,27
1981-04-26,24.6
1981-04-27,27.1
1981-04-28,27.9
1981-04-29,27.2
1981-04-30,24.8
1981-05-01,27.7
1981-05-02,28.6
1981-05-03,23.4
1981-05-04,29.6
1981-05-05,22
1981-05-06,24.5
1981-05-07,25.8
1981-05-08,27.2
1981-05-09,28.6
1981-05-10,29.8
1981-05-11,29.6
1981-05-12,28.2
1981-05-13,28.2
1981-05-14,28.1
1981-05-15,24.8
1981-05-16,26.6
1981-05-17,26.8
1981-05-18,26.5
1981-05-19,25.1
1981-05-20,21.2
1981-05-21,22
1981-05-22,22.8
1981-05-23,22.4
1981-05-24,23.8
1981-05-25,27.7
1981-05-26,28.6
1981-05-27,30.5
1981-05-28,28.6
1981-05-29,29.2
1981-05-30,31
1981-05-31,27
1981-06-01,28.3
1981-06-02,25.5
1981-06-03,28.3
1981-06-04,28.5
1981-06-05,24.4
1981-06-06,25.1
1981-06-07,27.1
1981-06-08,26
1981-06-09,26.3
1981-06-10,29.1
1981-06-11,30.3
1981-06-12,26.6
1981-06-13,28.1
1981-06-14,29.1
1981-06-15,29.9
1981-06-16,29.8
1981-06-17,29.6
1981-06-18,29.9
1981-06-19,30
1981-06-20,30
1981-06-21,30.1
1981-06-22,30.1
1981-06-23,29.6
1981-06-24,29.6
1981-06-25,28.8
1981-06-26,30.5
1981-06-27,30.9
1981-06-28,30.5
1981-06-29,29.5
1981-06-30,29.7
1981-07-01,31.2
1981-07-02,28.9
1981-07-03,28
1981-07-04,27.8
1981-07-05,27.5
1981-07-06,28.4
1981-07-07,28.5
1981-07-08,28.4
1981-07-09,28.6
1981-07-10,29
1981-07-11,29.8
1981-07-12,29
1981-07-13,29
1981-07-14,29.4
1981-07-15,28.8
1981-07-16,29.2
1981-07-17,29.2
1981-07-18,29.7
1981-07-19,27.6
1981-07-20,28.8
1981-07-21,30.6
1981-07-22,26.4
1981-07-23,28.2
1981-07-24,27.6
1981-07-25,29.5
1981-07-26,30.2
1981-07-27,30.4
1981-07-28,30.6
1981-07-29,27.4
1981-07-30,28.2
1981-07-31,28
1981-08-01,29
1981-08-02,28.2
1981-08-03,27.5
1981-08-04,28
1981-08-05,28.8
1981-08-06,29.4
1981-08-07,29.3
1981-08-08,31.3
1981-08-09,31.3
1981-08-10,27.5
1981-08-11,28.8
1981-08-12,30
1981-08-13,30.4
1981-08-14,30.4
1981-08-15,30.2
1981-08-16,30.6
1981-08-17,30.3
1981-08-18,30.8
1981-08-19,29.4
1981-08-20,26.8
1981-08-21,29
1981-08-22,30.1
1981-08-23,31.8
1981-08-24,32.2
1981-08-25,32.6
1981-08-26,28.5
1981-08-27,28.7
1981-08-28,29.1
1981-08-29,27.7
1981-08-30,27.8
1981-08-31,28.5
1981-09-01,29
1981-09-02,29.1
1981-09-03,29
1981-09-04,27.4
1981-09-05,27.2
1981-09-06,25.9
1981-09-07,26.7
1981-09-08,29
1981-09-09,27.8
1981-09-10,27.6
1981-09-11,28.8
1981-09-12,29.3
1981-09-13,29.3
1981-09-14,29.2
1981-09-15,26.8
1981-09-16,26.8
1981-09-17,27.2
1981-09-18,27.2
1981-09-19,27.6
1981-09-20,28.6
1981-09-21,28.9
1981-09-22,28.2
1981-09-23,28.2
1981-09-24,28.9
1981-09-25,29.2
1981-09-26,29.5
1981-09-27,28.8
1981-09-28,28.4
1981-09-29,28.4
1981-09-30,28.9
1981-10-01,27.4
1981-10-02,27.2
1981-10-03,26.6
1981-10-04,25.4
1981-10-05,25.7
1981-10-06,26.6
1981-10-07,27.2
1981-10-08,25.7
1981-10-09,20.6
1981-10-10,21.1
1981-10-11,20.6
1981-10-12,21.1
1981-10-13,24.8
1981-10-14,26
1981-10-15,24.2
1981-10-16,23.4
1981-10-17,26.6
1981-10-18,28
1981-10-19,28.1
1981-10-20,28
1981-10-21,28
1981-10-22,26.6
1981-10-23,19.1
1981-10-24,19.3
1981-10-25,20.2
1981-10-26,20.8
1981-10-27,22.7
1981-10-28,22.9
1981-10-29,21.9
1981-10-30,23.8
1981-10-31,25.6
1981-11-01,25.5
1981-11-02,25.7
1981-11-03,21
1981-11-04,22.2
1981-11-05,25.8
1981-11-06,23.6
1981-11-07,16.3
1981-11-08,14
1981-11-09,13.2
1981-11-10,16.3
1981-11-11,18.9
1981-11-12,20.4
1981-11-13,19.8
1981-11-14,21
1981-11-15,22.1
1981-11-16,20.6
1981-11-17,18.7
1981-11-18,18.5
1981-11-19,21.2
1981-11-20,22.6
1981-11-21,23.8
1981-11-22,22.8
1981-11-23,23.2
1981-11-24,24.8
1981-11-25,23.8
1981-11-26,23.3
1981-11-27,19.9
1981-11-28,17
1981-11-29,17.8
1981-11-30,18
1981-12-01,16.7
1981-12-02,15.9
1981-12-03,16.4
1981-12-04,15.3
1981-12-05,17.2
1981-12-06,17.5
1981-12-07,16.5
1981-12-08,15.3
1981-12-09,16.4
1981-12-10,18.6
1981-12-11,19.1
1981-12-12,19.2
1981-12-13,19.4
1981-12-14,18.1
1981-12-15,15.2
1981-12-16,15.3
1981-12-17,15.4
1981-12-18,13.8
1981-12-19,13.9
1981-12-20,13.5
1981-12-21,12.6
1981-12-22,13.8
1981-12-23,14.8
1981-12-24,15.7
1981-12-25,17.4
1981-12-26,18.2
1981-12-27,19
1981-12-28,19
1981-12-29,21.4
1981-12-30,20.6
1981-12-31,19.1
1982-01-01,16.6
1982-01-02,17.2
1982-01-03,18.9
1982-01-04,18.6
1982-01-05,16.5
1982-01-06,15.6
1982-01-07,16.5
1982-01-08,14.3
1982-01-09,15.6
1982-01-10,17.3
1982-01-11,18.1
1982-01-12,18.3
1982-01-13,19.4
1982-01-14,19
1982-01-15,18
1982-01-16,14.6
1982-01-17,12.1
1982-01-18,14.4
1982-01-19,16.4
1982-01-20,17.5
1982-01-21,20
1982-01-22,20.2
1982-01-23,21.4
1982-01-24,21.1
1982-01-25,20.6
1982-01-26,20.9
1982-01-27,19.8
1982-01-28,19.8
1982-01-29,19.2
1982-01-30,19.9
1982-01-31,20.2
1982-02-01,20.4
1982-02-02,19.4
1982-02-03,20.8
1982-02-04,20.6
1982-02-05,21.1
1982-02-06,16.6
1982-02-07,11.9
1982-02-08,11.9
1982-02-09,11.2
1982-02-10,11.1
1982-02-11,12
1982-02-12,12.8
1982-02-13,12.2
1982-02-14,13.2
1982-02-15,11.2
1982-02-16,12.8
1982-02-17,14.2
1982-02-18,15.5
1982-02-19,17.4
1982-02-20,20.4
1982-02-21,21.4
1982-02-22,22.1
1982-02-23,23.6
1982-02-24,21.9
1982-02-25,18.8
1982-02-26,16.8
1982-02-27,15.2
1982-02-28,16.2
1982-03-01,18
1982-03-02,17.2
1982-03-03,17.5
1982-03-04,19.4
1982-03-05,21.8
1982-03-06,23.4
1982-03-07,23.4
1982-03-08,17.6
1982-03-09,15.2
1982-03-10,16.2
1982-03-11,18.1
1982-03-12,20
1982-03-13,21
1982-03-14,22
1982-03-15,22.4
1982-03-16,22.2
1982-03-17,22.8
1982-03-18,23.3
1982-03-19,23.2
1982-03-20,23
1982-03-21,22.9
1982-03-22,22.2
1982-03-23,22.4
1982-03-24,23.9
1982-03-25,23.6
1982-03-26,18.9
1982-03-27,14.7
1982-03-28,15.1
1982-03-29,16
1982-03-30,17.3
1982-03-31,19.9
1982-04-01,21.7
1982-04-02,23.8
1982-04-03,20.6
1982-04-04,18.9
1982-04-05,19
1982-04-06,20
1982-04-07,19.5
1982-04-08,18.4
1982-04-09,20.5
1982-04-10,20.5
1982-04-11,21
1982-04-12,22.4
1982-04-13,22.4
1982-04-14,23.2
1982-04-15,22.1
1982-04-16,22.7
1982-04-17,23.9
1982-04-18,22.6
1982-04-19,24.4
1982-04-20,25
1982-04-21,25.5
1982-04-22,26.4
1982-04-23,23.6
1982-04-24,23.4
1982-04-25,24.8
1982-04-26,26.1
1982-04-27,27.6
1982-04-28,27.6
1982-04-29,27
1982-04-30,28
1982-05-01,25.4
1982-05-02,24.2
1982-05-03,25.5
1982-05-04,24.9
1982-05-05,26.1
1982-05-06,22.8
1982-05-07,23.5
1982-05-08,24.7
1982-05-09,27.6
1982-05-10,28.5
1982-05-11,29.4
1982-05-12,30.2
1982-05-13,25.7
1982-05-14,21.8
1982-05-15,24.7
1982-05-16,25
1982-05-17,25.9
1982-05-18,25.9
1982-05-19,27.1
1982-05-20,27.8
1982-05-21,28.2
1982-05-22,28.8
1982-05-23,28.7
1982-05-24,28.4
1982-05-25,27.8
1982-05-26,27.8
1982-05-27,27.7
1982-05-28,28.4
1982-05-29,29.4
1982-05-30,28.8
1982-05-31,31.8
1982-06-01,32.2
1982-06-02,33
1982-06-03,27.9
1982-06-04,28.2
1982-06-05,26.9
1982-06-06,24.3
1982-06-07,25.3
1982-06-08,27
1982-06-09,28.4
1982-06-10,26.3
1982-06-11,27.7
1982-06-12,28.4
1982-06-13,28.3
1982-06-14,30.4
1982-06-15,30.8
1982-06-16,31.5
1982-06-17,31.4
1982-06-18,31.2
1982-06-19,31.8
1982-06-20,32
1982-06-21,32.6
1982-06-22,30.9
1982-06-23,27.1
1982-06-24,28.3
1982-06-25,29.5
1982-06-26,29.5
1982-06-27,29.1
1982-06-28,27.9
1982-06-29,29.1
1982-06-30,29.6
1982-07-01,31.8
1982-07-02,32.7
1982-07-03,27.4
1982-07-04,28.9
1982-07-05,29.4
1982-07-06,28.8
1982-07-07,27.7
1982-07-08,29.6
1982-07-09,30.1
1982-07-10,29.1
1982-07-11,28.9
1982-07-12,30.4
1982-07-13,30.4
1982-07-14,28.5
1982-07-15,29.8
1982-07-16,30.7
1982-07-17,31.2
1982-07-18,27.8
1982-07-19,28.6
1982-07-20,27.4
1982-07-21,27.5
1982-07-22,28.5
1982-07-23,31
1982-07-24,31.5
1982-07-25,28.8
1982-07-26,29
1982-07-27,28.8
1982-07-28,31.5
1982-07-29,29.8
1982-07-30,27.4
1982-07-31,28.6
1982-08-01,30.6
1982-08-02,31.9
1982-08-03,31
1982-08-04,27.9
1982-08-05,27.9
1982-08-06,28
1982-08-07,29.3
1982-08-08,27.1
1982-08-09,26.3
1982-08-10,26.9
1982-08-11,27.4
1982-08-12,28
1982-08-13,27.8
1982-08-14,26.2
1982-08-15,27
1982-08-16,27.8
1982-08-17,28.4
1982-08-18,27.9
1982-08-19,25.8
1982-08-20,26.5
1982-08-21,27.4
1982-08-22,28.4
1982-08-23,28.6
1982-08-24,29.4
1982-08-25,29.3
1982-08-26,29.8
1982-08-27,29.9
1982-08-28,29.5
1982-08-29,30.4
1982-08-30,29.8
1982-08-31,30.4
1982-09-01,28.9
1982-09-02,29
1982-09-03,26.2
1982-09-04,25.5
1982-09-05,27.4
1982-09-06,27.4
1982-09-07,27.2
1982-09-08,27.2
1982-09-09,26.6
1982-09-10,28.2
1982-09-11,28.8
1982-09-12,29
1982-09-13,27.8
1982-09-14,25.7
1982-09-15,27
1982-09-16,25.2
1982-09-17,25.4
1982-09-18,27.7
1982-09-19,28.7
1982-09-20,29.1
1982-09-21,25.5
1982-09-22,26.8
1982-09-23,27.4
1982-09-24,25.7
1982-09-25,26.4
1982-09-26,25.7
1982-09-27,25.5
1982-09-28,22.4
1982-09-29,23.9
1982-09-30,26.4
1982-10-01,26.7
1982-10-02,26.5
1982-10-03,27.6
1982-10-04,28.2
1982-10-05,26.6
1982-10-06,27.6
1982-10-07,26.4
1982-10-08,24.9
1982-10-09,25.9
1982-10-10,25.2
1982-10-11,25.3
1982-10-12,25.2
1982-10-13,25.5
1982-10-14,26.6
1982-10-15,26.8
1982-10-16,26.8
1982-10-17,25.8
1982-10-18,23.5
1982-10-19,24.4
1982-10-20,24.6
1982-10-21,25.8
1982-10-22,25
1982-10-23,25.8
1982-10-24,24.8
1982-10-25,24.1
1982-10-26,24
1982-10-27,26
1982-10-28,26.8
1982-10-29,27.2
1982-10-30,26.6
1982-10-31,26.6
1982-11-01,26.4
1982-11-02,24.4
1982-11-03,24.2
1982-11-04,24.7
1982-11-05,25.3
1982-11-06,24.4
1982-11-07,23.5
1982-11-08,24.5
1982-11-09,21.2
1982-11-10,20.2
1982-11-11,20.3
1982-11-12,21.5
1982-11-13,23.3
1982-11-14,25.8
1982-11-15,22.8
1982-11-16,22.4
1982-11-17,21.3
1982-11-18,23
1982-11-19,23.8
1982-11-20,23.6
1982-11-21,25
1982-11-22,25.4
1982-11-23,21.2
1982-11-24,21.6
1982-11-25,19.8
1982-11-26,21.2
1982-11-27,20.4
1982-11-28,20.2
1982-11-29,18.1
1982-11-30,17.2
1982-12-01,17.4
1982-12-02,18.5
1982-12-03,20.4
1982-12-04,23
1982-12-05,22.6
1982-12-06,14.8
1982-12-07,13.4
1982-12-08,15.2
1982-12-09,16.4
1982-12-10,19.9
1982-12-11,17.3
1982-12-12,15
1982-12-13,13.7
1982-12-14,13.2
1982-12-15,13.6
1982-12-16,16.4
1982-12-17,14.3
1982-12-18,14
1982-12-19,13.6
1982-12-20,13.1
1982-12-21,13.7
1982-12-22,15.1
1982-12-23,15.4
1982-12-24,17.8
1982-12-25,17.8
1982-12-26,12.8
1982-12-27,11.6
1982-12-28,11.6
1982-12-29,13.5
1982-12-30,15.1
1982-12-31,17.8
1983-01-01,19.8
1983-01-02,19.6
1983-01-03,16.3
1983-01-04,15.4
1983-01-05,14.8
1983-01-06,15.6
1983-01-07,16
1983-01-08,14.8
1983-01-09,12.4
1983-01-10,11.6
1983-01-11,10.3
1983-01-12,11.3
1983-01-13,11.6
1983-01-14,12.8
1983-01-15,13.8
1983-01-16,15.9
1983-01-17,17.3
1983-01-18,16.3
1983-01-19,15
1983-01-20,12.6
1983-01-21,9.8
1983-01-22,10.2
1983-01-23,10.6
1983-01-24,11.4
1983-01-25,11.7
1983-01-26,13.4
1983-01-27,13.4
1983-01-28,15.6
1983-01-29,17.5
1983-01-30,19.9
1983-01-31,20
1983-02-01,22.3
1983-02-02,21.3
1983-02-03,17
1983-02-04,14.1
1983-02-05,14.2
1983-02-06,16.2
1983-02-07,16.9
1983-02-08,18.1
1983-02-09,17.4
1983-02-10,18.2
1983-02-11,17.5
1983-02-12,14
1983-02-13,14.4
1983-02-14,16
1983-02-15,16.4
1983-02-16,18.4
1983-02-17,17.8
1983-02-18,17.5
1983-02-19,17.5
1983-02-20,17.7
1983-02-21,13
1983-02-22,12.3
1983-02-23,13.8
1983-02-24,15.7
1983-02-25,15
1983-02-26,14.6
1983-02-27,14.3
1983-02-28,16.2
1983-03-01,18.6
1983-03-02,19
1983-03-03,19.8
1983-03-04,19.4
1983-03-05,15.4
1983-03-06,13.6
1983-03-07,13
1983-03-08,14.5
1983-03-09,16.2
1983-03-10,17
1983-03-11,16.4
1983-03-12,19
1983-03-13,19.8
1983-03-14,18.6
1983-03-15,18.4
1983-03-16,17.4
1983-03-17,17
1983-03-18,15.9
1983-03-19,17.2
1983-03-20,18.6
1983-03-21,21.4
1983-03-22,22.6
1983-03-23,25.4
1983-03-24,24
1983-03-25,21.3
1983-03-26,17.6
1983-03-27,18.8
1983-03-28,19.2
1983-03-29,19.2
1983-03-30,18.2
1983-03-31,19.2
1983-04-01,18.8
1983-04-02,19.4
1983-04-03,18.8
1983-04-04,19.4
1983-04-05,19.4
1983-04-06,21.7
1983-04-07,22.4
1983-04-08,24.3
1983-04-09,26.9
1983-04-10,28.2
1983-04-11,27.7
1983-04-12,26.7
1983-04-13,25.6
1983-04-14,25.8
1983-04-15,25
1983-04-16,23.2
1983-04-17,20.6
1983-04-18,21.4
1983-04-19,23
1983-04-20,24.6
1983-04-21,25.3
1983-04-22,25.4
1983-04-23,24.5
1983-04-24,24.1
1983-04-25,25.9
1983-04-26,25.8
1983-04-27,26
1983-04-28,26
1983-04-29,25.6
1983-04-30,19
1983-05-01,20.4
1983-05-02,23.1
1983-05-03,24.7
1983-05-04,25.8
1983-05-05,26.8
1983-05-06,27.6
1983-05-07,24.7
1983-05-08,26.4
1983-05-09,27.6
1983-05-10,27.7
1983-05-11,29.4
1983-05-12,30.9
1983-05-13,31.6
1983-05-14,32
1983-05-15,31.2
1983-05-16,27.9
1983-05-17,25.7
1983-05-18,26.6
1983-05-19,28.4
1983-05-20,30.6
1983-05-21,30.4
1983-05-22,29.4
1983-05-23,28.1
1983-05-24,29.8
1983-05-25,27.6
1983-05-26,27.5
1983-05-27,27.7
1983-05-28,28.7
1983-05-29,29.9
1983-05-30,30.2
1983-05-31,30.5
1983-06-01,31.4
1983-06-02,32
1983-06-03,32
1983-06-04,31.2
1983-06-05,28.6
1983-06-06,23.4
1983-06-07,24.2
1983-06-08,26.1
1983-06-09,28.2
1983-06-10,29.6
1983-06-11,29.3
1983-06-12,29.6
1983-06-13,29.4
1983-06-14,30.2
1983-06-15,31.4
1983-06-16,32.1
1983-06-17,33.2
1983-06-18,34.1
1983-06-19,34.2
1983-06-20,33
1983-06-21,30.1
1983-06-22,26.8
1983-06-23,26.5
1983-06-24,29.2
1983-06-25,30.2
1983-06-26,29.8
1983-06-27,29.3
1983-06-28,29.4
1983-06-29,29.2
1983-06-30,28.8
1983-07-01,30.8
1983-07-02,33.1
1983-07-03,33.3
1983-07-04,32.7
1983-07-05,32.2
1983-07-06,31.6
1983-07-07,31.6
1983-07-08,31
1983-07-09,30.5
1983-07-10,30.7
1983-07-11,30.8
1983-07-12,31.2
1983-07-13,31.5
1983-07-14,31.2
1983-07-15,29.8
1983-07-16,28.7
1983-07-17,29
1983-07-18,27.5
1983-07-19,29.2
1983-07-20,30.3
1983-07-21,31.2
1983-07-22,31
1983-07-23,28.9
1983-07-24,29.8
1983-07-25,29.9
1983-07-26,29.9
1983-07-27,28.3
1983-07-28,27.8
1983-07-29,28.4
1983-07-30,29.8
1983-07-31,28.3
1983-08-01,25.1
1983-08-02,26.6
1983-08-03,27.4
1983-08-04,27.6
1983-08-05,28
1983-08-06,28.2
1983-08-07,28
1983-08-08,28.6
1983-08-09,29.5
1983-08-10,29.7
1983-08-11,30.3
1983-08-12,30.4
1983-08-13,31.2
1983-08-14,30.6
1983-08-15,28.4
1983-08-16,28.5
1983-08-17,30
1983-08-18,30.1
1983-08-19,28
1983-08-20,27
1983-08-21,28.5
1983-08-22,29.8
1983-08-23,29.8
1983-08-24,28
1983-08-25,27.8
1983-08-26,28.2
1983-08-27,28.6
1983-08-28,29.2
1983-08-29,28.6
1983-08-30,28.6
1983-08-31,28.5
1983-09-01,28.4
1983-09-02,28.1
1983-09-03,26
1983-09-04,26.6
1983-09-05,27.7
1983-09-06,25.6
1983-09-07,27.6
1983-09-08,28.6
1983-09-09,29.8
1983-09-10,30.7
1983-09-11,26.2
1983-09-12,25.2
1983-09-13,27.4
1983-09-14,27.6
1983-09-15,28.6
1983-09-16,29.8
1983-09-17,30.1
1983-09-18,29.2
1983-09-19,26.1
1983-09-20,27.9
1983-09-21,28.9
1983-09-22,29.1
1983-09-23,29
1983-09-24,29.4
1983-09-25,29.2
1983-09-26,29.1
1983-09-27,28.4
1983-09-28,28.8
1983-09-29,28.1
1983-09-30,27.2
1983-10-01,24.2
1983-10-02,25.1
1983-10-03,25.2
1983-10-04,25.4
1983-10-05,26.2
1983-10-06,27.1
1983-10-07,27.8
1983-10-08,24.9
1983-10-09,25.3
1983-10-10,24.6
1983-10-11,25.8
1983-10-12,26
1983-10-13,26.4
1983-10-14,26.3
1983-10-15,26.5
1983-10-16,26.2
1983-10-17,26.6
1983-10-18,25.5
1983-10-19,26.6
1983-10-20,27.2
1983-10-21,27.1
1983-10-22,27
1983-10-23,27
1983-10-24,25.3
1983-10-25,25.6
1983-10-26,21.9
1983-10-27,18.8
1983-10-28,18.2
1983-10-29,20.6
1983-10-30,21.8
1983-10-31,21.9
1983-11-01,23
1983-11-02,23.2
1983-11-03,23.2
1983-11-04,23.3
1983-11-05,23.6
1983-11-06,24.6
1983-11-07,23.5
1983-11-08,23.2
1983-11-09,22.6
1983-11-10,24.8
1983-11-11,24.5
1983-11-12,19.6
1983-11-13,18.5
1983-11-14,18.6
1983-11-15,18.3
1983-11-16,20.3
1983-11-17,20.1
1983-11-18,19
1983-11-19,19.7
1983-11-20,20.2
1983-11-21,20
1983-11-22,20.6
1983-11-23,18.4
1983-11-24,17.8
1983-11-25,18.1
1983-11-26,17.9
1983-11-27,16.7
1983-11-28,14.9
1983-11-29,15.6
1983-11-30,16.2
1983-12-01,15.2
1983-12-02,15.4
1983-12-03,15.9
1983-12-04,15.9
1983-12-05,17
1983-12-06,17.6
1983-12-07,17.4
1983-12-08,17.2
1983-12-09,17.2
1983-12-10,17.5
1983-12-11,17.8
1983-12-12,17.8
1983-12-13,19.4
1983-12-14,21.3
1983-12-15,21.2
1983-12-16,21
1983-12-17,21.4
1983-12-18,17.7
1983-12-19,17.8
1983-12-20,20.8
1983-12-21,22
1983-12-22,17.1
1983-12-23,13.5
1983-12-24,11.9
1983-12-25,12.7
1983-12-26,13
1983-12-27,12.8
1983-12-28,9.5
1983-12-29,9.2
1983-12-30,10.1
1983-12-31,10.2
1984-01-01,12.1
1984-01-02,13
1984-01-03,13.1
1984-01-04,12.6
1984-01-05,13.2
1984-01-06,13.4
1984-01-07,14.2
1984-01-08,13.2
1984-01-09,13.6
1984-01-10,13.2
1984-01-11,14.5
1984-01-12,15.2
1984-01-13,16.9
1984-01-14,18.1
1984-01-15,19.4
1984-01-16,19.4
1984-01-17,18.2
1984-01-18,20.5
1984-01-19,16.5
1984-01-20,10.7
1984-01-21,10.4
1984-01-22,11.7
1984-01-23,12.1
1984-01-24,10.8
1984-01-25,10.5
1984-01-26,10.2
1984-01-27,10.8
1984-01-28,10.2
1984-01-29,10.7
1984-01-30,10
1984-01-31,10.4
1984-02-01,11.4
1984-02-02,12
1984-02-03,11.5
1984-02-04,11.2
1984-02-05,11.9
1984-02-06,13.2
1984-02-07,11.9
1984-02-08,12.5
1984-02-09,13.2
1984-02-10,13.9
1984-02-11,14.3
1984-02-12,15.8
1984-02-13,15.7
1984-02-14,15.7
1984-02-15,14.7
1984-02-16,16.3
1984-02-17,18.2
1984-02-18,14.7
1984-02-19,14.3
1984-02-20,16.3
1984-02-21,17.9
1984-02-22,20
1984-02-23,20.3
1984-02-24,19.2
1984-02-25,18.8
1984-02-26,13.8
1984-02-27,12.3
1984-02-28,12.5
1984-02-29,13.6
1984-03-01,13.2
1984-03-02,14.5
1984-03-03,15.1
1984-03-04,15.8
1984-03-05,15.9
1984-03-06,16.8
1984-03-07,17
1984-03-08,15.2
1984-03-09,16.3
1984-03-10,17
1984-03-11,17.2
1984-03-12,17.7
1984-03-13,19.7
1984-03-14,21.9
1984-03-15,22.7
1984-03-16,22.4
1984-03-17,23.4
1984-03-18,22
1984-03-19,23.4
1984-03-20,22.8
1984-03-21,18.6
1984-03-22,17.5
1984-03-23,17.8
1984-03-24,18.9
1984-03-25,20.8
1984-03-26,21.1
1984-03-27,22.8
1984-03-28,21
1984-03-29,19.5
1984-03-30,20.1
1984-03-31,22.6
1984-04-01,23.6
1984-04-02,24
1984-04-03,24
1984-04-04,24.2
1984-04-05,25.1
1984-04-06,23.5
1984-04-07,22.3
1984-04-08,23.6
1984-04-09,24.6
1984-04-10,24.4
1984-04-11,24.5
1984-04-12,24.1
1984-04-13,23.6
1984-04-14,23.4
1984-04-15,23
1984-04-16,24.3
1984-04-17,25.6
1984-04-18,26.3
1984-04-19,25.2
1984-04-20,25.8
1984-04-21,26.8
1984-04-22,22.8
1984-04-23,20.8
1984-04-24,21.7
1984-04-25,22.3
1984-04-26,23.2
1984-04-27,26
1984-04-28,22.8
1984-04-29,22.9
1984-04-30,22.2
1984-05-01,24.9
1984-05-02,26.7
1984-05-03,27.3
1984-05-04,26.9
1984-05-05,24.4
1984-05-06,23.8
1984-05-07,23.7
1984-05-08,24.3
1984-05-09,24.7
1984-05-10,25
1984-05-11,27
1984-05-12,27.2
1984-05-13,27.4
1984-05-14,28.8
1984-05-15,28.8
1984-05-16,28.1
1984-05-17,28.4
1984-05-18,27.7
1984-05-19,24.7
1984-05-20,24.6
1984-05-21,25.2
1984-05-22,26.7
1984-05-23,27.2
1984-05-24,27.1
1984-05-25,25.8
1984-05-26,24.9
1984-05-27,27
1984-05-28,26.9
1984-05-29,28.4
1984-05-30,29.7
1984-05-31,30.6
1984-06-01,29.3
1984-06-02,24.9
1984-06-03,26.4
1984-06-04,30.4
1984-06-05,30.4
1984-06-06,29.7
1984-06-07,29.5
1984-06-08,29.1
1984-06-09,29.6
1984-06-10,27.2
1984-06-11,27.7
1984-06-12,29
1984-06-13,30.4
1984-06-14,31.5
1984-06-15,30.8
1984-06-16,26.9
1984-06-17,30.6
1984-06-18,29.7
1984-06-19,29.4
1984-06-20,27
1984-06-21,26.1
1984-06-22,27.2
1984-06-23,28.6
1984-06-24,29.7
1984-06-25,30.1
1984-06-26,25.6
1984-06-27,27.2
1984-06-28,28.2
1984-06-29,27.6
1984-06-30,28.5
1984-07-01,29.2
1984-07-02,29
1984-07-03,27.8
1984-07-04,27.2
1984-07-05,28.7
1984-07-06,27.8
1984-07-07,28.8
1984-07-08,29.5
1984-07-09,30.9
1984-07-10,27.7
1984-07-11,28.2
1984-07-12,28.2
1984-07-13,29.5
1984-07-14,27.5
1984-07-15,28.3
1984-07-16,30.1
1984-07-17,31.2
1984-07-18,32.6
1984-07-19,32.3
1984-07-20,30.7
1984-07-21,29.3
1984-07-22,31.1
1984-07-23,30.9
1984-07-24,32
1984-07-25,31.4
1984-07-26,29.3
1984-07-27,28.1
1984-07-28,29.6
1984-07-29,29.6
1984-07-30,29.9
1984-07-31,28.9
1984-08-01,31
1984-08-02,30.6
1984-08-03,28.8
1984-08-04,27.9
1984-08-05,27.4
1984-08-06,25.5
1984-08-07,26.6
1984-08-08,28.4
1984-08-09,29
1984-08-10,28.6
1984-08-11,28.4
1984-08-12,27.4
1984-08-13,26.4
1984-08-14,27.6
1984-08-15,26.4
1984-08-16,28.2
1984-08-17,28.5
1984-08-18,28.4
1984-08-19,30.4
1984-08-20,30.3
1984-08-21,30.6
1984-08-22,31.6
1984-08-23,32
1984-08-24,28
1984-08-25,25.8
1984-08-26,26.5
1984-08-27,27.3
1984-08-28,27.1
1984-08-29,28
1984-08-30,29.8
1984-08-31,29.5
1984-09-01,30.3
1984-09-02,29.3
1984-09-03,28.6
1984-09-04,28.4
1984-09-05,27.9
1984-09-06,28.2
1984-09-07,27.1
1984-09-08,27.2
1984-09-09,28.7
1984-09-10,29.2
1984-09-11,29.2
1984-09-12,28.4
1984-09-13,26.8
1984-09-14,24.8
1984-09-15,25.3
1984-09-16,27.8
1984-09-17,27.4
1984-09-18,24.2
1984-09-19,26.3
1984-09-20,25.3
1984-09-21,26
1984-09-22,26
1984-09-23,26.7
1984-09-24,28.4
1984-09-25,28.9
1984-09-26,28.9
1984-09-27,27.8
1984-09-28,28.2
1984-09-29,25.7
1984-09-30,25.5
1984-10-01,25.7
1984-10-02,26.1
1984-10-03,27.2
1984-10-04,27.4
1984-10-05,23.9
1984-10-06,21.2
1984-10-07,22.5
1984-10-08,23.2
1984-10-09,24.4
1984-10-10,26.6
1984-10-11,27
1984-10-12,25.4
1984-10-13,22.6
1984-10-14,22.1
1984-10-15,22.2
1984-10-16,23.5
1984-10-17,22
1984-10-18,21.3
1984-10-19,23.3
1984-10-20,23.8
1984-10-21,23.3
1984-10-22,23.6
1984-10-23,23.2
1984-10-24,23.4
1984-10-25,23.2
1984-10-26,22.6
1984-10-27,21.8
1984-10-28,21.2
1984-10-29,22
1984-10-30,23
1984-10-31,23.6
1984-11-01,22.7
1984-11-02,23.7
1984-11-03,23.8
1984-11-04,23.9
1984-11-05,24.1
1984-11-06,24.1
1984-11-07,24.7
1984-11-08,24.2
1984-11-09,23.7
1984-11-10,23.8
1984-11-11,25.4
1984-11-12,25.8
1984-11-13,24.4
1984-11-14,24.6
1984-11-15,24.8
1984-11-16,24.8
1984-11-17,24.9
1984-11-18,25.1
1984-11-19,24.1
1984-11-20,21.3
1984-11-21,19.9
1984-11-22,19.5
1984-11-23,19.2
1984-11-24,20
1984-11-25,19.8
1984-11-26,19.7
1984-11-27,20.4
1984-11-28,20.2
1984-11-29,18.8
1984-11-30,19.4
1984-12-01,19.4
1984-12-02,18.1
1984-12-03,18.7
1984-12-04,19.4
1984-12-05,18.3
1984-12-06,18.4
1984-12-07,20.9
1984-12-08,22.3
1984-12-09,23
1984-12-10,23.2
1984-12-11,21.8
1984-12-12,21.8
1984-12-13,22.9
1984-12-14,23
1984-12-15,23.2
1984-12-16,23.3
1984-12-17,23.3
1984-12-18,17.6
1984-12-19,11.4
1984-12-20,10.6
1984-12-21,11.9
1984-12-22,12.1
1984-12-23,11.3
1984-12-24,11.5
1984-12-25,12
1984-12-26,12
1984-12-27,11.2
1984-12-28,11.1
1984-12-29,11.4
1984-12-30,11.4
1984-12-31,12.5
1985-01-01,12.1
1985-01-02,13.4
1985-01-03,15
1985-01-04,13.2
1985-01-05,11.7
1985-01-06,11.6
1985-01-07,12.8
1985-01-08,11.8
1985-01-09,10.5
1985-01-10,12
1985-01-11,11.3
1985-01-12,11.8
1985-01-13,13.4
1985-01-14,13.7
1985-01-15,12.2
1985-01-16,12
1985-01-17,13.4
1985-01-18,16.1
1985-01-19,15.9
1985-01-20,17.8
1985-01-21,18.8
1985-01-22,18
1985-01-23,18.9
1985-01-24,19.1
1985-01-25,13.6
1985-01-26,13.4
1985-01-27,15.2
1985-01-28,17.1
1985-01-29,13.8
1985-01-30,13.2
1985-01-31,13.6
1985-02-01,14
1985-02-02,15.1
1985-02-03,16.7
1985-02-04,17.4
1985-02-05,19
1985-02-06,21.3
1985-02-07,22.6
1985-02-08,23.6
1985-02-09,21.2
1985-02-10,20.5
1985-02-11,18.4
1985-02-12,17.4
1985-02-13,17.2
1985-02-14,18
1985-02-15,19.5
1985-02-16,20.2
1985-02-17,21.9
1985-02-18,18.4
1985-02-19,17.9
1985-02-20,15.1
1985-02-21,13.9
1985-02-22,13.5
1985-02-23,14.5
1985-02-24,14.2
1985-02-25,14.8
1985-02-26,13.8
1985-02-27,13
1985-02-28,14.3
1985-03-01,17.2
1985-03-02,18.8
1985-03-03,20.1
1985-03-04,15.8
1985-03-05,16.7
1985-03-06,16.6
1985-03-07,17.6
1985-03-08,20.1
1985-03-09,16.8
1985-03-10,13.8
1985-03-11,13.2
1985-03-12,13
1985-03-13,14
1985-03-14,14.8
1985-03-15,14.8
1985-03-16,15
1985-03-17,15.5
1985-03-18,15.2
1985-03-19,15.2
1985-03-20,15.2
1985-03-21,15.4
1985-03-22,15.8
1985-03-23,16.6
1985-03-24,17.2
1985-03-25,18.8
1985-03-26,21.3
1985-03-27,23
1985-03-28,23.4
1985-03-29,22.8
1985-03-30,17.2
1985-03-31,15.4
1985-04-01,15.6
1985-04-02,15.2
1985-04-03,17.8
1985-04-04,19.3
1985-04-05,19.4
1985-04-06,21.1
1985-04-07,22
1985-04-08,23.3
1985-04-09,24.4
1985-04-10,25.2
1985-04-11,24.8
1985-04-12,24.1
1985-04-13,20.4
1985-04-14,17.9
1985-04-15,18.1
1985-04-16,21.2
1985-04-17,21.5
1985-04-18,22.4
1985-04-19,22.4
1985-04-20,24.5
1985-04-21,24.1
1985-04-22,25.8
1985-04-23,24.8
1985-04-24,24.6
1985-04-25,26.5
1985-04-26,22
1985-04-27,21.8
1985-04-28,22.2
1985-04-29,23.1
1985-04-30,24.2
1985-05-01,25.3
1985-05-02,26
1985-05-03,26.5
1985-05-04,28.5
1985-05-05,29.3
1985-05-06,28.2
1985-05-07,27.6
1985-05-08,28.1
1985-05-09,27.1
1985-05-10,27.5
1985-05-11,28.1
1985-05-12,28.2
1985-05-13,27.3
1985-05-14,27.2
1985-05-15,28.2
1985-05-16,28.3
1985-05-17,27
1985-05-18,28.1
1985-05-19,28.5
1985-05-20,28.6
1985-05-21,28.4
1985-05-22,28.2
1985-05-23,28.8
1985-05-24,27.9
1985-05-25,28.7
1985-05-26,29.1
1985-05-27,31.3
1985-05-28,32.2
1985-05-29,27.2
1985-05-30,28.1
1985-05-31,27.6
1985-06-01,27.8
1985-06-02,29
1985-06-03,29.8
1985-06-04,29.7
1985-06-05,29.6
1985-06-06,27.7
1985-06-07,29
1985-06-08,31.2
1985-06-09,32.4
1985-06-10,31.8
1985-06-11,31
1985-06-12,29
1985-06-13,28.2
1985-06-14,28.4
1985-06-15,28.5
1985-06-16,26.4
1985-06-17,26.4
1985-06-18,27.2
1985-06-19,27.6
1985-06-20,28.7
1985-06-21,27.4
1985-06-22,27.5
1985-06-23,29.9
1985-06-24,31.6
1985-06-25,31.2
1985-06-26,30.9
1985-06-27,30.9
1985-06-28,30.6
1985-06-29,30.8
1985-06-30,30.7
1985-07-01,30
1985-07-02,31.5
1985-07-03,28.6
1985-07-04,28.9
1985-07-05,28
1985-07-06,27.9
1985-07-07,28.6
1985-07-08,28.4
1985-07-09,27.8
1985-07-10,26.8
1985-07-11,28
1985-07-12,28.6
1985-07-13,28.9
1985-07-14,29
1985-07-15,28.4
1985-07-16,29.6
1985-07-17,30.3
1985-07-18,29.4
1985-07-19,29.1
1985-07-20,30.1
1985-07-21,29.1
1985-07-22,28.2
1985-07-23,29.1
1985-07-24,29.6
1985-07-25,31
1985-07-26,31.5
1985-07-27,29.7
1985-07-28,27.6
1985-07-29,27.8
1985-07-30,28.5
1985-07-31,29.4
1985-08-01,29.9
1985-08-02,29.9
1985-08-03,29.2
1985-08-04,28.6
1985-08-05,29.4
1985-08-06,30.4
1985-08-07,30
1985-08-08,29.1
1985-08-09,29.8
1985-08-10,30.6
1985-08-11,31
1985-08-12,29.6
1985-08-13,28.7
1985-08-14,28.4
1985-08-15,25.9
1985-08-16,28.6
1985-08-17,28
1985-08-18,29.9
1985-08-19,29.6
1985-08-20,29.1
1985-08-21,29
1985-08-22,29
1985-08-23,28.4
1985-08-24,27
1985-08-25,27
1985-08-26,27.3
1985-08-27,25.7
1985-08-28,25.2
1985-08-29,27
1985-08-30,26.5
1985-08-31,27.7
1985-09-01,28.2
1985-09-02,27.5
1985-09-03,27.7
1985-09-04,28.4
1985-09-05,29.1
1985-09-06,30.4
1985-09-07,26
1985-09-08,27.6
1985-09-09,27.5
1985-09-10,26.2
1985-09-11,24.5
1985-09-12,24
1985-09-13,25.1
1985-09-14,26.4
1985-09-15,26.8
1985-09-16,27.7
1985-09-17,27.7
1985-09-18,28.5
1985-09-19,28.1
1985-09-20,27.8
1985-09-21,28.1
1985-09-22,28.2
1985-09-23,27
1985-09-24,26.8
1985-09-25,26.5
1985-09-26,26.2
1985-09-27,27.2
1985-09-28,27
1985-09-29,27
1985-09-30,26.3
1985-10-01,26.2
1985-10-02,26.2
1985-10-03,25.8
1985-10-04,25.2
1985-10-05,25.1
1985-10-06,24.8
1985-10-07,25
1985-10-08,25.8
1985-10-09,27
1985-10-10,27
1985-10-11,27.6
1985-10-12,27.2
1985-10-13,28
1985-10-14,27.2
1985-10-15,27.8
1985-10-16,28.1
1985-10-17,27.8
1985-10-18,24.8
1985-10-19,26.6
1985-10-20,24.3
1985-10-21,20.1
1985-10-22,18
1985-10-23,19
1985-10-24,21.2
1985-10-25,24
1985-10-26,25.8
1985-10-27,26.3
1985-10-28,25.9
1985-10-29,25.2
1985-10-30,25.2
1985-10-31,23
1985-11-01,22.8
1985-11-02,23
1985-11-03,21.8
1985-11-04,23.4
1985-11-05,23.8
1985-11-06,24
1985-11-07,24.6
1985-11-08,23.9
1985-11-09,21.3
1985-11-10,20.8
1985-11-11,22.4
1985-11-12,23
1985-11-13,20
1985-11-14,20.4
1985-11-15,19.3
1985-11-16,19.5
1985-11-17,21
1985-11-18,21.3
1985-11-19,22.2
1985-11-20,22.8
1985-11-21,25
1985-11-22,26
1985-11-23,25.9
1985-11-24,21.6
1985-11-25,19.2
1985-11-26,19.8
1985-11-27,21.9
1985-11-28,23.1
1985-11-29,17.4
1985-11-30,15.4
1985-12-01,17.4
1985-12-02,18.4
1985-12-03,18.7
1985-12-04,20.9
1985-12-05,20.9
1985-12-06,21.9
1985-12-07,22.8
1985-12-08,22.3
1985-12-09,22.7
1985-12-10,24.2
1985-12-11,15.4
1985-12-12,14
1985-12-13,14.3
1985-12-14,15.2
1985-12-15,16.1
1985-12-16,14.7
1985-12-17,15
1985-12-18,16.2
1985-12-19,16.8
1985-12-20,16.2
1985-12-21,16
1985-12-22,16.4
1985-12-23,15
1985-12-24,14.4
1985-12-25,15
1985-12-26,17.8
1985-12-27,19.4
1985-12-28,19.5
1985-12-29,20.9
1985-12-30,20.3
1985-12-31,17.4
1986-01-01,14
1986-01-02,14.6
1986-01-03,13.2
1986-01-04,15.6
1986-01-05,13.6
1986-01-06,12.2
1986-01-07,13.4
1986-01-08,14.3
1986-01-09,14.2
1986-01-10,16.3
1986-01-11,14.7
1986-01-12,16.2
1986-01-13,19.5
1986-01-14,18.6
1986-01-15,19.4
1986-01-16,19
1986-01-17,21
1986-01-18,21.1
1986-01-19,21.5
1986-01-20,20.9
1986-01-21,20.6
1986-01-22,18.9
1986-01-23,13.5
1986-01-24,13.8
1986-01-25,13.9
1986-01-26,14
1986-01-27,14.4
1986-01-28,14.8
1986-01-29,15.8
1986-01-30,18.2
1986-01-31,20.5
1986-02-01,18.8
1986-02-02,13.7
1986-02-03,13.8
1986-02-04,13
1986-02-05,14
1986-02-06,13.8
1986-02-07,12.8
1986-02-08,13.4
1986-02-09,14.1
1986-02-10,16.6
1986-02-11,16.7
1986-02-12,17.8
1986-02-13,19.1
1986-02-14,20
1986-02-15,21.8
1986-02-16,20.8
1986-02-17,22.8
1986-02-18,18
1986-02-19,16.2
1986-02-20,19
1986-02-21,18.4
1986-02-22,16.4
1986-02-23,15.6
1986-02-24,13.9
1986-02-25,14.1
1986-02-26,14.3
1986-02-27,13.7
1986-02-28,10.4
1986-03-01,8.8
1986-03-02,11.2
1986-03-03,13.1
1986-03-04,14.5
1986-03-05,15.1
1986-03-06,16.2
1986-03-07,17.6
1986-03-08,19.1
1986-03-09,19.3
1986-03-10,20.4
1986-03-11,20
1986-03-12,21.4
1986-03-13,22
1986-03-14,23.7
1986-03-15,24.2
1986-03-16,23.9
1986-03-17,24
1986-03-18,26.2
1986-03-19,23
1986-03-20,21.8
1986-03-21,23.2
1986-03-22,21.5
1986-03-23,19
1986-03-24,17.3
1986-03-25,17.8
1986-03-26,18.9
1986-03-27,20.8
1986-03-28,22.2
1986-03-29,22.3
1986-03-30,23.8
1986-03-31,21.6
1986-04-01,19
1986-04-02,20.4
1986-04-03,22
1986-04-04,22.4
1986-04-05,22.8
1986-04-06,22.7
1986-04-07,22
1986-04-08,22.8
1986-04-09,23.1
1986-04-10,24.4
1986-04-11,25.4
1986-04-12,25.3
1986-04-13,25.7
1986-04-14,26.4
1986-04-15,23.5
1986-04-16,23.2
1986-04-17,24.5
1986-04-18,26
1986-04-19,25.2
1986-04-20,26.6
1986-04-21,24.7
1986-04-22,23.7
1986-04-23,24.4
1986-04-24,25.8
1986-04-25,27
1986-04-26,26.8
1986-04-27,26.2
1986-04-28,26.2
1986-04-29,26.9
1986-04-30,25.9
1986-05-01,23.8
1986-05-02,24.6
1986-05-03,24.4
1986-05-04,25
1986-05-05,26.8
1986-05-06,24.3
1986-05-07,25.2
1986-05-08,25
1986-05-09,25.5
1986-05-10,24.5
1986-05-11,26.3
1986-05-12,28.5
1986-05-13,31.1
1986-05-14,28.4
1986-05-15,27.8
1986-05-16,26.8
1986-05-17,26.9
1986-05-18,27.9
1986-05-19,29
1986-05-20,29.3
1986-05-21,26.6
1986-05-22,27.4
1986-05-23,27.2
1986-05-24,26.1
1986-05-25,26.2
1986-05-26,26.2
1986-05-27,26.8
1986-05-28,27.4
1986-05-29,28.8
1986-05-30,30.5
1986-05-31,30.7
1986-06-01,29.1
1986-06-02,27.4
1986-06-03,28.2
1986-06-04,28.8
1986-06-05,30
1986-06-06,29.4
1986-06-07,26.8
1986-06-08,27.8
1986-06-09,30.6
1986-06-10,29.7
1986-06-11,27.1
1986-06-12,26.7
1986-06-13,26.5
1986-06-14,28.6
1986-06-15,30
1986-06-16,31.4
1986-06-17,29.1
1986-06-18,26.4
1986-06-19,26.7
1986-06-20,29.2
1986-06-21,29.6
1986-06-22,26.1
1986-06-23,27.8
1986-06-24,26.2
1986-06-25,28.3
1986-06-26,30.5
1986-06-27,31.7
1986-06-28,32.3
1986-06-29,32.5
1986-06-30,32.6
1986-07-01,33.2
1986-07-02,33.5
1986-07-03,33.4
1986-07-04,32.4
1986-07-05,28.3
1986-07-06,28.1
1986-07-07,27.6
1986-07-08,27.4
1986-07-09,27.7
1986-07-10,28.4
1986-07-11,30.6
1986-07-12,31.5
1986-07-13,26.2
1986-07-14,28.6
1986-07-15,28.5
1986-07-16,29.3
1986-07-17,29.8
1986-07-18,29
1986-07-19,28.2
1986-07-20,28
1986-07-21,28.6
1986-07-22,28
1986-07-23,26.4
1986-07-24,28
1986-07-25,28.6
1986-07-26,28.8
1986-07-27,29.2
1986-07-28,26.1
1986-07-29,27.8
1986-07-30,28.6
1986-07-31,29.5
1986-08-01,30
1986-08-02,28.6
1986-08-03,29
1986-08-04,29.2
1986-08-05,29.4
1986-08-06,29.9
1986-08-07,30.3
1986-08-08,28.3
1986-08-09,28.2
1986-08-10,28
1986-08-11,27.5
1986-08-12,27.4
1986-08-13,27.8
1986-08-14,28.2
1986-08-15,28.3
1986-08-16,29.1
1986-08-17,29.8
1986-08-18,30.3
1986-08-19,30.7
1986-08-20,30.6
1986-08-21,31.6
1986-08-22,27.2
1986-08-23,27.4
1986-08-24,26.8
1986-08-25,27.2
1986-08-26,27.8
1986-08-27,28.9
1986-08-28,29.7
1986-08-29,30.2
1986-08-30,29.2
1986-08-31,30.4
1986-09-01,29
1986-09-02,29.1
1986-09-03,29
1986-09-04,27.3
1986-09-05,26.4
1986-09-06,24.9
1986-09-07,24.6
1986-09-08,25.6
1986-09-09,25.9
1986-09-10,25.6
1986-09-11,26.7
1986-09-12,28
1986-09-13,28.9
1986-09-14,28.6
1986-09-15,29
1986-09-16,29
1986-09-17,28.1
1986-09-18,28.6
1986-09-19,28
1986-09-20,27.3
1986-09-21,26.8
1986-09-22,25.6
1986-09-23,25.2
1986-09-24,25.8
1986-09-25,26.4
1986-09-26,27.3
1986-09-27,28
1986-09-28,28
1986-09-29,27.8
1986-09-30,23.8
1986-10-01,20
1986-10-02,21.5
1986-10-03,21.8
1986-10-04,29.1
1986-10-05,25.5
1986-10-06,26.1
1986-10-07,25.2
1986-10-08,25.6
1986-10-09,24.8
1986-10-10,21.7
1986-10-11,22.4
1986-10-12,23
1986-10-13,22.6
1986-10-14,25
1986-10-15,26.7
1986-10-16,27.2
1986-10-17,27.1
1986-10-18,27.4
1986-10-19,27.8
1986-10-20,25.8
1986-10-21,25
1986-10-22,24.8
1986-10-23,22.1
1986-10-24,21.1
1986-10-25,23.5
1986-10-26,26.1
1986-10-27,26.9
1986-10-28,24.9
1986-10-29,22.8
1986-10-30,20.6
1986-10-31,21.1
1986-11-01,23.1
1986-11-02,23.6
1986-11-03,23.6
1986-11-04,24
1986-11-05,23.8
1986-11-06,24.7
1986-11-07,25.7
1986-11-08,21.9
1986-11-09,19.8
1986-11-10,20.4
1986-11-11,21.2
1986-11-12,20.5
1986-11-13,19.4
1986-11-14,22.2
1986-11-15,22.3
1986-11-16,21.8
1986-11-17,21
1986-11-18,20.9
1986-11-19,22
1986-11-20,21.3
1986-11-21,20.3
1986-11-22,20.2
1986-11-23,21.3
1986-11-24,21.4
1986-11-25,20.6
1986-11-26,19.9
1986-11-27,18.7
1986-11-28,17.6
1986-11-29,17.4
1986-11-30,15.8
1986-12-01,16.5
1986-12-02,19.5
1986-12-03,20.6
1986-12-04,19.6
1986-12-05,18.7
1986-12-06,18.9
1986-12-07,18.6
1986-12-08,18.4
1986-12-09,17.6
1986-12-10,17.4
1986-12-11,18.1
1986-12-12,19.3
1986-12-13,21.2
1986-12-14,21.8
1986-12-15,22.4
1986-12-16,22.9
1986-12-17,22.6
1986-12-18,19.4
1986-12-19,17.1
1986-12-20,16.6
1986-12-21,14.6
1986-12-22,15.1
1986-12-23,16.8
1986-12-24,18.4
1986-12-25,20.2
1986-12-26,20.2
1986-12-27,20.6
1986-12-28,18.8
1986-12-29,18.8
1986-12-30,20.7
1986-12-31,22
1987-01-01,20.6
1987-01-02,22.9
1987-01-03,22.1
1987-01-04,22.2
1987-01-05,18
1987-01-06,19
1987-01-07,20.3
1987-01-08,19
1987-01-09,18.6
1987-01-10,19.4
1987-01-11,20.7
1987-01-12,20
1987-01-13,18.3
1987-01-14,16.8
1987-01-15,20
1987-01-16,20.3
1987-01-17,20.6
1987-01-18,21
1987-01-19,20
1987-01-20,18.8
1987-01-21,20.6
1987-01-22,22.6
1987-01-23,21.8
1987-01-24,17.3
1987-01-25,14.2
1987-01-26,13.4
1987-01-27,13.8
1987-01-28,14.6
1987-01-29,17.4
1987-01-30,19.2
1987-01-31,19.2
1987-02-01,18.8
1987-02-02,19.4
1987-02-03,17.4
1987-02-04,18.3
1987-02-05,17.4
1987-02-06,18.6
1987-02-07,19.6
1987-02-08,20.6
1987-02-09,20.8
1987-02-10,20.9
1987-02-11,21.2
1987-02-12,22.4
1987-02-13,23.4
1987-02-14,23.7
1987-02-15,23.4
1987-02-16,22.8
1987-02-17,22.6
1987-02-18,22
1987-02-19,22.4
1987-02-20,22.7
1987-02-21,21.6
1987-02-22,16.9
1987-02-23,15.6
1987-02-24,17.1
1987-02-25,17.7
1987-02-26,21.8
1987-02-27,21.4
1987-02-28,17.2
1987-03-01,16.9
1987-03-02,17.9
1987-03-03,16
1987-03-04,19.3
1987-03-05,21.6
1987-03-06,21.8
1987-03-07,23.2
1987-03-08,25.7
1987-03-09,25.8
1987-03-10,25.3
1987-03-11,23.4
1987-03-12,23.3
1987-03-13,24.6
1987-03-14,25.1
1987-03-15,24.8
1987-03-16,24.2
1987-03-17,25.4
1987-03-18,25.8
1987-03-19,25.4
1987-03-20,26.2
1987-03-21,25.9
1987-03-22,26.3
1987-03-23,26.9
1987-03-24,26.4
1987-03-25,23
1987-03-26,18.6
1987-03-27,16.4
1987-03-28,16.8
1987-03-29,17.4
1987-03-30,21.4
1987-03-31,24.3
1987-04-01,25
1987-04-02,23.4
1987-04-03,18.9
1987-04-04,20.9
1987-04-05,24
1987-04-06,26.3
1987-04-07,23.4
1987-04-08,23.4
1987-04-09,24.5
1987-04-10,26.4
1987-04-11,28
1987-04-12,27
1987-04-13,18.9
1987-04-14,17
1987-04-15,19.1
1987-04-16,20.1
1987-04-17,21.4
1987-04-18,22.6
1987-04-19,24.9
1987-04-20,26
1987-04-21,25.4
1987-04-22,26.2
1987-04-23,27
1987-04-24,26.5
1987-04-25,27.2
1987-04-26,26.8
1987-04-27,23.9
1987-04-28,22.9
1987-04-29,25
1987-04-30,26.8
1987-05-01,28.3
1987-05-02,29.4
1987-05-03,28.6
1987-05-04,27.5
1987-05-05,27.3
1987-05-06,27.9
1987-05-07,27
1987-05-08,29
1987-05-09,28.5
1987-05-10,27.6
1987-05-11,28.7
1987-05-12,28.9
1987-05-13,28.5
1987-05-14,27.6
1987-05-15,28.8
1987-05-16,30.1
1987-05-17,25.5
1987-05-18,26.5
1987-05-19,28.8
1987-05-20,30.7
1987-05-21,31.8
1987-05-22,30.5
1987-05-23,30.4
1987-05-24,31.6
1987-05-25,31.8
1987-05-26,30
1987-05-27,27.7
1987-05-28,26.2
1987-05-29,26.2
1987-05-30,28
1987-05-31,29.1
1987-06-01,27
1987-06-02,27
1987-06-03,28.5
1987-06-04,28.8
1987-06-05,28
1987-06-06,30.2
1987-06-07,25.3
1987-06-08,26.2
1987-06-09,27
1987-06-10,27.5
1987-06-11,29.5
1987-06-12,31.4
1987-06-13,32.2
1987-06-14,32.1
1987-06-15,27.7
1987-06-16,28.6
1987-06-17,29.2
1987-06-18,30.1
1987-06-19,30.9
1987-06-20,30.6
1987-06-21,30
1987-06-22,31.3
1987-06-23,33.5
1987-06-24,33.8
1987-06-25,33.9
1987-06-26,31.9
1987-06-27,29.6
1987-06-28,30.2
1987-06-29,28.2
1987-06-30,27.8
1987-07-01,28.8
1987-07-02,29.2
1987-07-03,28
1987-07-04,28.1
1987-07-05,28.8
1987-07-06,29.2
1987-07-07,29
1987-07-08,29.6
1987-07-09,28.9
1987-07-10,27.9
1987-07-11,30.2
1987-07-12,31.3
1987-07-13,29.7
1987-07-14,30.5
1987-07-15,30.1
1987-07-16,30.8
1987-07-17,30.1
1987-07-18,29.5
1987-07-19,30.8
1987-07-20,31.8
1987-07-21,32.1
1987-07-22,28.1
1987-07-23,28.1
1987-07-24,28.8
1987-07-25,28.7
1987-07-26,26.8
1987-07-27,29.6
1987-07-28,31.7
1987-07-29,28.7
1987-07-30,27.8
1987-07-31,29.1
1987-08-01,29.9
1987-08-02,28.5
1987-08-03,29.4
1987-08-04,29.1
1987-08-05,29.5
1987-08-06,30.4
1987-08-07,31
1987-08-08,27.8
1987-08-09,27.3
1987-08-10,28.1
1987-08-11,27.6
1987-08-12,27.7
1987-08-13,29
1987-08-14,30
1987-08-15,29.4
1987-08-16,29.1
1987-08-17,26.9
1987-08-18,27
1987-08-19,28.9
1987-08-20,27.4
1987-08-21,29
1987-08-22,27.7
1987-08-23,27.4
1987-08-24,29
1987-08-25,29.3
1987-08-26,31.1
1987-08-27,31.2
1987-08-28,30.9
1987-08-29,31.4
1987-08-30,25.3
1987-08-31,26.1
1987-09-01,27.1
1987-09-02,26.6
1987-09-03,28.7
1987-09-04,29.6
1987-09-05,30.2
1987-09-06,29.6
1987-09-07,29.9
1987-09-08,29.3
1987-09-09,28.6
1987-09-10,28.8
1987-09-11,28.8
1987-09-12,28.8
1987-09-13,28.8
1987-09-14,28.9
1987-09-15,28.2
1987-09-16,28
1987-09-17,27.6
1987-09-18,27.4
1987-09-19,28.3
1987-09-20,27.2
1987-09-21,25.9
1987-09-22,27.1
1987-09-23,27.7
1987-09-24,28.4
1987-09-25,24.4
1987-09-26,24.4
1987-09-27,25.1
1987-09-28,26.5
1987-09-29,27.6
1987-09-30,23.8
1987-10-01,26.2
1987-10-02,26.5
1987-10-03,26.8
1987-10-04,27.4
1987-10-05,28.4
1987-10-06,28.3
1987-10-07,27.7
1987-10-08,25.1
1987-10-09,27.1
1987-10-10,28.1
1987-10-11,28.7
1987-10-12,29.5
1987-10-13,29.2
1987-10-14,27.8
1987-10-15,28.1
1987-10-16,28.4
1987-10-17,28.8
1987-10-18,25.9
1987-10-19,20.6
1987-10-20,21.8
1987-10-21,25
1987-10-22,21.8
1987-10-23,20.9
1987-10-24,22.6
1987-10-25,21.1
1987-10-26,21.7
1987-10-27,21.8
1987-10-28,22.8
1987-10-29,25
1987-10-30,26.6
1987-10-31,26.9
1987-11-01,27.6
1987-11-02,25.7
1987-11-03,17.3
1987-11-04,18.8
1987-11-05,18.2
1987-11-06,18.6
1987-11-07,18.2
1987-11-08,18
1987-11-09,19.8
1987-11-10,20.6
1987-11-11,22.1
1987-11-12,23.4
1987-11-13,23.7
1987-11-14,24.4
1987-11-15,24.9
1987-11-16,20.8
1987-11-17,19.2
1987-11-18,19
1987-11-19,19.9
1987-11-20,20.5
1987-11-21,22.4
1987-11-22,23.3
1987-11-23,24.2
1987-11-24,24
1987-11-25,24
1987-11-26,25
1987-11-27,25.3
1987-11-28,23.4
1987-11-29,16.9
1987-11-30,14.6
1987-12-01,15.2
1987-12-02,13.4
1987-12-03,13.4
1987-12-04,16.1
1987-12-05,16.2
1987-12-06,13
1987-12-07,12.9
1987-12-08,12.8
1987-12-09,14.2
1987-12-10,15.4
1987-12-11,16.6
1987-12-12,18.5
1987-12-13,17.4
1987-12-14,16.8
1987-12-15,16.2
1987-12-16,16
1987-12-17,14.3
1987-12-18,14.1
1987-12-19,14.4
1987-12-20,15.8
1987-12-21,16.2
1987-12-22,15.2
1987-12-23,14.8
1987-12-24,16.5
1987-12-25,16.8
1987-12-26,18.5
1987-12-27,19.7
1987-12-28,20.2
1987-12-29,21.2
1987-12-30,20.8
1987-12-31,20.8
1988-01-01,20.9
1988-01-02,21
1988-01-03,21
1988-01-04,20.6
1988-01-05,18.9
1988-01-06,16.3
1988-01-07,17.2
1988-01-08,17.2
1988-01-09,19.4
1988-01-10,20.1
1988-01-11,19
1988-01-12,16.4
1988-01-13,17.5
1988-01-14,18.7
1988-01-15,20
1988-01-16,20.6
1988-01-17,17.9
1988-01-18,12
1988-01-19,14.5
1988-01-20,16.7
1988-01-21,16.4
1988-01-22,20.4
1988-01-23,20.2
1988-01-24,16.7
1988-01-25,16.5
1988-01-26,15.8
1988-01-27,13.4
1988-01-28,14.5
1988-01-29,16.1
1988-01-30,17.8
1988-01-31,17.6
1988-02-01,17.1
1988-02-02,16.4
1988-02-03,16.4
1988-02-04,17.1
1988-02-05,19.5
1988-02-06,22.2
1988-02-07,23.1
1988-02-08,16.8
1988-02-09,12.9
1988-02-10,12.9
1988-02-11,13
1988-02-12,14.6
1988-02-13,16.1
1988-02-14,16.1
1988-02-15,13.6
1988-02-16,14
1988-02-17,12
1988-02-18,10.5
1988-02-19,9.4
1988-02-20,12.4
1988-02-21,14.4
1988-02-22,15
1988-02-23,16.8
1988-02-24,19.5
1988-02-25,21
1988-02-26,21.2
1988-02-27,22
1988-02-28,22
1988-02-29,14.7
1988-03-01,12
1988-03-02,11.8
1988-03-03,12.6
1988-03-04,12.4
1988-03-05,14
1988-03-06,14
1988-03-07,14.4
1988-03-08,14.3
1988-03-09,16.3
1988-03-10,17.7
1988-03-11,19.2
1988-03-12,20.2
1988-03-13,21.9
1988-03-14,23.1
1988-03-15,24.2
1988-03-16,23.4
1988-03-17,16.8
1988-03-18,15.7
1988-03-19,16.1
1988-03-20,18.5
1988-03-21,18.8
1988-03-22,17.9
1988-03-23,14.6
1988-03-24,15.2
1988-03-25,17.2
1988-03-26,18.2
1988-03-27,19.9
1988-03-28,22.6
1988-03-29,20.2
1988-03-30,17.8
1988-03-31,16.6
1988-04-01,17.8
1988-04-02,18.9
1988-04-03,19.7
1988-04-04,20
1988-04-05,20.3
1988-04-06,22.3
1988-04-07,21.5
1988-04-08,18.9
1988-04-09,18.9
1988-04-10,18.8
1988-04-11,19.7
1988-04-12,21.6
1988-04-13,21.7
1988-04-14,21
1988-04-15,20.8
1988-04-16,22.8
1988-04-17,23.4
1988-04-18,25.3
1988-04-19,24
1988-04-20,26.9
1988-04-21,28.4
1988-04-22,24.9
1988-04-23,21.6
1988-04-24,22.9
1988-04-25,23.6
1988-04-26,24.7
1988-04-27,26.1
1988-04-28,26
1988-04-29,25.5
1988-04-30,26.2
1988-05-01,26.7
1988-05-02,26.9
1988-05-03,26.8
1988-05-04,29
1988-05-05,29.7
1988-05-06,28.6
1988-05-07,28.7
1988-05-08,28.4
1988-05-09,29.1
1988-05-10,28.9
1988-05-11,27
1988-05-12,25
1988-05-13,24.8
1988-05-14,25
1988-05-15,25.5
1988-05-16,25.4
1988-05-17,26.8
1988-05-18,27.4
1988-05-19,28.8
1988-05-20,30.8
1988-05-21,32.9
1988-05-22,31
1988-05-23,29
1988-05-24,31
1988-05-25,31.7
1988-05-26,29.6
1988-05-27,27.2
1988-05-28,28.6
1988-05-29,28.8
1988-05-30,28
1988-05-31,26
1988-06-01,27.9
1988-06-02,29.1
1988-06-03,28.4
1988-06-04,27.7
1988-06-05,26
1988-06-06,27.5
1988-06-07,27.8
1988-06-08,28.2
1988-06-09,29.3
1988-06-10,31
1988-06-11,31.2
1988-06-12,30.9
1988-06-13,31
1988-06-14,30.6
1988-06-15,30.3
1988-06-16,30.6
1988-06-17,31.1
1988-06-18,28.6
1988-06-19,27.2
1988-06-20,29.3
1988-06-21,31
1988-06-22,32.4
1988-06-23,31.8
1988-06-24,28
1988-06-25,28.4
1988-06-26,28
1988-06-27,30
1988-06-28,28.2
1988-06-29,27.5
1988-06-30,28.8
1988-07-01,29
1988-07-02,28.8
1988-07-03,27.2
1988-07-04,26.5
1988-07-05,27.4
1988-07-06,28.4
1988-07-07,30
1988-07-08,28.8
1988-07-09,30.4
1988-07-10,31.8
1988-07-11,29.1
1988-07-12,28.2
1988-07-13,26.6
1988-07-14,29.1
1988-07-15,29.8
1988-07-16,29.9
1988-07-17,29.9
1988-07-18,30.6
1988-07-19,31.4
1988-07-20,31.3
1988-07-21,29.8
1988-07-22,30.5
1988-07-23,31.6
1988-07-24,31
1988-07-25,30.8
1988-07-26,31.2
1988-07-27,31.4
1988-07-28,31.8
1988-07-29,27.6
1988-07-30,26.2
1988-07-31,27.6
1988-08-01,27.8
1988-08-02,27.6
1988-08-03,26.7
1988-08-04,28.9
1988-08-05,28.5
1988-08-06,26.2
1988-08-07,26.8
1988-08-08,26
1988-08-09,28.6
1988-08-10,28.7
1988-08-11,29.7
1988-08-12,28.5
1988-08-13,29.5
1988-08-14,27.6
1988-08-15,27.5
1988-08-16,29.2
1988-08-17,30
1988-08-18,29.7
1988-08-19,28
1988-08-20,29.9
1988-08-21,30.6
1988-08-22,30.3
1988-08-23,29
1988-08-24,27.5
1988-08-25,28
1988-08-26,28.6
1988-08-27,28.1
1988-08-28,26.7
1988-08-29,29.1
1988-08-30,28.8
1988-08-31,29.4
1988-09-01,30.1
1988-09-02,31.2
1988-09-03,31
1988-09-04,27.9
1988-09-05,27.6
1988-09-06,27.2
1988-09-07,29.3
1988-09-08,29.7
1988-09-09,29.2
1988-09-10,29.6
1988-09-11,29.6
1988-09-12,29.7
1988-09-13,29.7
1988-09-14,29.6
1988-09-15,26.2
1988-09-16,28.6
1988-09-17,27.3
1988-09-18,26.8
1988-09-19,27.8
1988-09-20,28.8
1988-09-21,27.7
1988-09-22,27.5
1988-09-23,28
1988-09-24,28.4
1988-09-25,28.4
1988-09-26,27.4
1988-09-27,25
1988-09-28,21.7
1988-09-29,23.4
1988-09-30,25.4
1988-10-01,26.4
1988-10-02,24.9
1988-10-03,23.6
1988-10-04,24
1988-10-05,25.8
1988-10-06,25.1
1988-10-07,25.5
1988-10-08,23.2
1988-10-09,25
1988-10-10,25.7
1988-10-11,22.7
1988-10-12,23.2
1988-10-13,24.2
1988-10-14,24.1
1988-10-15,25.3
1988-10-16,25.2
1988-10-17,25.1
1988-10-18,26.2
1988-10-19,26.6
1988-10-20,26.5
1988-10-21,26.8
1988-10-22,25.2
1988-10-23,21.9
1988-10-24,22
1988-10-25,23.8
1988-10-26,25
1988-10-27,24.4
1988-10-28,22.8
1988-10-29,17
1988-10-30,17.9
1988-10-31,18.4
1988-11-01,21.3
1988-11-02,21
1988-11-03,22.6
1988-11-04,20.9
1988-11-05,21.3
1988-11-06,20
1988-11-07,20.2
1988-11-08,20.5
1988-11-09,21.7
1988-11-10,22.1
1988-11-11,21.8
1988-11-12,20.4
1988-11-13,22
1988-11-14,22.7
1988-11-15,21.4
1988-11-16,21
1988-11-17,21.9
1988-11-18,22.3
1988-11-19,20.8
1988-11-20,19.4
1988-11-21,20
1988-11-22,20.4
1988-11-23,21
1988-11-24,21.7
1988-11-25,21.4
1988-11-26,20.6
1988-11-27,17.9
1988-11-28,18.6
1988-11-29,18
1988-11-30,17.2
1988-12-01,17.7
1988-12-02,18
1988-12-03,18.8
1988-12-04,18.6
1988-12-05,20
1988-12-06,19.2
1988-12-07,21.7
1988-12-08,21.2
1988-12-09,18.4
1988-12-10,16.6
1988-12-11,16.2
1988-12-12,15.7
1988-12-13,16.4
1988-12-14,18
1988-12-15,19.2
1988-12-16,18.2
1988-12-17,17.6
1988-12-18,17.5
1988-12-19,19.1
1988-12-20,19.8
1988-12-21,20.4
1988-12-22,21.3
1988-12-23,20.6
1988-12-24,21
1988-12-25,21.6
1988-12-26,19.2
1988-12-27,18.7
1988-12-28,19.2
1988-12-29,18.6
1988-12-30,18.6
1988-12-31,17.4
1989-01-01,17.8
1989-01-02,18.2
1989-01-03,19
1989-01-04,18
1989-01-05,18.8
1989-01-06,19.3
1989-01-07,21.9
1989-01-08,22.3
1989-01-09,20.5
1989-01-10,21
1989-01-11,23.3
1989-01-12,18.3
1989-01-13,10.6
1989-01-14,11.6
1989-01-15,10.6
1989-01-16,11.6
1989-01-17,12.6
1989-01-18,12.8
1989-01-19,12.2
1989-01-20,12.4
1989-01-21,12.6
1989-01-22,13.6
1989-01-23,14.3
1989-01-24,14
1989-01-25,12.5
1989-01-26,13
1989-01-27,13.9
1989-01-28,11.2
1989-01-29,10.2
1989-01-30,11.4
1989-01-31,12.2
1989-02-01,12.8
1989-02-02,11.5
1989-02-03,11.8
1989-02-04,12.3
1989-02-05,10.7
1989-02-06,10.8
1989-02-07,11.2
1989-02-08,12.2
1989-02-09,14
1989-02-10,14.7
1989-02-11,14.4
1989-02-12,14.4
1989-02-13,15.3
1989-02-14,16.8
1989-02-15,18.8
1989-02-16,20.1
1989-02-17,22.4
1989-02-18,21.9
1989-02-19,21.4
1989-02-20,20.4
1989-02-21,21.3
1989-02-22,20.7
1989-02-23,19.7
1989-02-24,21
1989-02-25,17.7
1989-02-26,19.5
1989-02-27,19.6
1989-02-28,20.2
1989-03-01,20
1989-03-02,20.8
1989-03-03,22.1
1989-03-04,19.7
1989-03-05,16.3
1989-03-06,15.2
1989-03-07,15.5
1989-03-08,16.2
1989-03-09,15.7
1989-03-10,15.8
1989-03-11,17.8
1989-03-12,20.4
1989-03-13,20.6
1989-03-14,21.5
1989-03-15,21.6
1989-03-16,20.6
1989-03-17,22
1989-03-18,23.4
1989-03-19,24.6
1989-03-20,22
1989-03-21,19
1989-03-22,17.6
1989-03-23,19.8
1989-03-24,21.4
1989-03-25,20
1989-03-26,18
1989-03-27,19.2
1989-03-28,20.8
1989-03-29,20.4
1989-03-30,20
1989-03-31,20.4
1989-04-01,22.3
1989-04-02,23.4
1989-04-03,24.8
1989-04-04,26.2
1989-04-05,25.1
1989-04-06,22.8
1989-04-07,21.9
1989-04-08,20.8
1989-04-09,19.6
1989-04-10,20.5
1989-04-11,23
1989-04-12,23.4
1989-04-13,25.1
1989-04-14,22.9
1989-04-15,19.5
1989-04-16,21
1989-04-17,22.4
1989-04-18,24.7
1989-04-19,26
1989-04-20,25.8
1989-04-21,26.2
1989-04-22,25.1
1989-04-23,24.9
1989-04-24,22.8
1989-04-25,23
1989-04-26,24.5
1989-04-27,25.3
1989-04-28,26.6
1989-04-29,26.6
1989-04-30,25.9
1989-05-01,26
1989-05-02,26.6
1989-05-03,24.4
1989-05-04,22.2
1989-05-05,24.5
1989-05-06,25.2
1989-05-07,25.7
1989-05-08,27.8
1989-05-09,28.7
1989-05-10,27.8
1989-05-11,28.6
1989-05-12,29.2
1989-05-13,27.8
1989-05-14,22.6
1989-05-15,22.6
1989-05-16,24.3
1989-05-17,26.6
1989-05-18,27.4
1989-05-19,28.3
1989-05-20,29.2
1989-05-21,30.2
1989-05-22,29
1989-05-23,27
1989-05-24,28.3
1989-05-25,26
1989-05-26,22.6
1989-05-27,23.9
1989-05-28,27.4
1989-05-29,28.2
1989-05-30,28.7
1989-05-31,24.5
1989-06-01,25.3
1989-06-02,27.3
1989-06-03,28.2
1989-06-04,28.3
1989-06-05,26.8
1989-06-06,27.5
1989-06-07,29.6
1989-06-08,29.8
1989-06-09,29.8
1989-06-10,27.4
1989-06-11,26.4
1989-06-12,24.6
1989-06-13,24.8
1989-06-14,26.5
1989-06-15,28.2
1989-06-16,29.8
1989-06-17,31.6
1989-06-18,32.3
1989-06-19,31.8
1989-06-20,30.7
1989-06-21,28.4
1989-06-22,30.6
1989-06-23,28.7
1989-06-24,27.6
1989-06-25,28.5
1989-06-26,29.1
1989-06-27,27.2
1989-06-28,28.8
1989-06-29,30.3
1989-06-30,30.6
1989-07-01,27.4
1989-07-02,28
1989-07-03,28.6
1989-07-04,29.4
1989-07-05,27.4
1989-07-06,27.4
1989-07-07,30
1989-07-08,30.4
1989-07-09,30.7
1989-07-10,30.3
1989-07-11,28.6
1989-07-12,27.5
1989-07-13,27.8
1989-07-14,29.5
1989-07-15,30.1
1989-07-16,30.3
1989-07-17,31.1
1989-07-18,32.2
1989-07-19,27.6
1989-07-20,29.4
1989-07-21,30.4
1989-07-22,30.6
1989-07-23,28.4
1989-07-24,27
1989-07-25,28.2
1989-07-26,30
1989-07-27,31.2
1989-07-28,26.1
1989-07-29,27.8
1989-07-30,28
1989-07-31,29.8
1989-08-01,30.1
1989-08-02,30.4
1989-08-03,29.9
1989-08-04,29.2
1989-08-05,30.2
1989-08-06,31
1989-08-07,30
1989-08-08,28.3
1989-08-09,26.6
1989-08-10,28.7
1989-08-11,26.9
1989-08-12,26
1989-08-13,25.9
1989-08-14,25.6
1989-08-15,27.9
1989-08-16,30.1
1989-08-17,31.2
1989-08-18,31.1
1989-08-19,29.1
1989-08-20,28.6
1989-08-21,29.6
1989-08-22,29.8
1989-08-23,29.6
1989-08-24,27.6
1989-08-25,26.4
1989-08-26,28.1
1989-08-27,29.4
1989-08-28,28.1
1989-08-29,28.4
1989-08-30,27.7
1989-08-31,29.2
1989-09-01,29.8
1989-09-02,30.1
1989-09-03,28.7
1989-09-04,29.8
1989-09-05,27.4
1989-09-06,25.9
1989-09-07,27.6
1989-09-08,28.3
1989-09-09,28
1989-09-10,29
1989-09-11,30.4
1989-09-12,28.3
1989-09-13,29.5
1989-09-14,28.6
1989-09-15,28.2
1989-09-16,27
1989-09-17,27.2
1989-09-18,27.6
1989-09-19,29
1989-09-20,29.5
1989-09-21,28.4
1989-09-22,26.2
1989-09-23,26.2
1989-09-24,25.4
1989-09-25,25.5
1989-09-26,27.4
1989-09-27,28.5
1989-09-28,28.6
1989-09-29,28.9
1989-09-30,28.7
1989-10-01,29.3
1989-10-02,28.4
1989-10-03,25.1
1989-10-04,23.3
1989-10-05,23.9
1989-10-06,25.8
1989-10-07,26.4
1989-10-08,25.2
1989-10-09,24.6
1989-10-10,25.8
1989-10-11,24.8
1989-10-12,26.1
1989-10-13,25.4
1989-10-14,25.2
1989-10-15,26.8
1989-10-16,26.5
1989-10-17,24
1989-10-18,21.9
1989-10-19,21.3
1989-10-20,22.2
1989-10-21,22.6
1989-10-22,20.4
1989-10-23,19.4
1989-10-24,21.6
1989-10-25,23.8
1989-10-26,25.7
1989-10-27,25.9
1989-10-28,26.8
1989-10-29,25.6
1989-10-30,25.6
1989-10-31,25.8
1989-11-01,25.9
1989-11-02,26.1
1989-11-03,26.1
1989-11-04,26.2
1989-11-05,26.5
1989-11-06,26.6
1989-11-07,26.4
1989-11-08,26.1
1989-11-09,23.7
1989-11-10,21.7
1989-11-11,22.6
1989-11-12,25.2
1989-11-13,24.2
1989-11-14,20
1989-11-15,17.7
1989-11-16,17
1989-11-17,17.4
1989-11-18,18
1989-11-19,18.8
1989-11-20,19.3
1989-11-21,20.4
1989-11-22,21.1
1989-11-23,20.1
1989-11-24,20.7
1989-11-25,21
1989-11-26,20.6
1989-11-27,22.2
1989-11-28,20.6
1989-11-29,17.8
1989-11-30,16.8
1989-12-01,16.2
1989-12-02,17.2
1989-12-03,17.8
1989-12-04,18.4
1989-12-05,20.2
1989-12-06,20.8
1989-12-07,21
1989-12-08,21
1989-12-09,20
1989-12-10,19.8
1989-12-11,20.4
1989-12-12,21.1
1989-12-13,20.7
1989-12-14,19.5
1989-12-15,18.2
1989-12-16,17.8
1989-12-17,17.9
1989-12-18,18.9
1989-12-19,19.4
1989-12-20,18.7
1989-12-21,19.6
1989-12-22,21.2
1989-12-23,19.2
1989-12-24,17.9
1989-12-25,18
1989-12-26,17.7
1989-12-27,13.7
1989-12-28,15.6
1989-12-29,15.3
1989-12-30,13.7
1989-12-31,13.4
1990-01-01,14.4
1990-01-02,15.6
1990-01-03,16.9
1990-01-04,16.1
1990-01-05,16.6
1990-01-06,16.6
1990-01-07,17.1
1990-01-08,20
1990-01-09,21.2
1990-01-10,21.8
1990-01-11,21.1
1990-01-12,19.8
1990-01-13,18.5
1990-01-14,22
1990-01-15,20.7
1990-01-16,16.1
1990-01-17,16
1990-01-18,16.4
1990-01-19,17.3
1990-01-20,18.9
1990-01-21,12.7
1990-01-22,13.7
1990-01-23,14.8
1990-01-24,14.6
1990-01-25,15.6
1990-01-26,17.4
1990-01-27,17.8
1990-01-28,18
1990-01-29,19.2
1990-01-30,19.1
1990-01-31,15
1990-02-01,11.2
1990-02-02,10.8
1990-02-03,11.9
1990-02-04,13
1990-02-05,11.6
1990-02-06,11.8
1990-02-07,14.4
1990-02-08,16.4
1990-02-09,18.9
1990-02-10,20.2
1990-02-11,18.9
1990-02-12,19.2
1990-02-13,19.4
1990-02-14,22.5
1990-02-15,22.1
1990-02-16,22
1990-02-17,23
1990-02-18,23.8
1990-02-19,23.2
1990-02-20,24
1990-02-21,23.4
1990-02-22,24.3
1990-02-23,21.3
1990-02-24,14.6
1990-02-25,12.4
1990-02-26,11.6
1990-02-27,12.7
1990-02-28,14.6
1990-03-01,15.1
1990-03-02,14
1990-03-03,14
1990-03-04,14.4
1990-03-05,15.4
1990-03-06,15.2
1990-03-07,16
1990-03-08,14.6
1990-03-09,15.3
1990-03-10,17
1990-03-11,18.7
1990-03-12,20
1990-03-13,21.1
1990-03-14,20.8
1990-03-15,20.9
1990-03-16,21.4
1990-03-17,21.3
1990-03-18,20.3
1990-03-19,21
1990-03-20,21.1
1990-03-21,22.5
1990-03-22,24.2
1990-03-23,24.6
1990-03-24,25.4
1990-03-25,25
1990-03-26,24.5
1990-03-27,24
1990-03-28,23.8
1990-03-29,22.7
1990-03-30,23.1
1990-03-31,23.8
1990-04-01,24.6
1990-04-02,25.6
1990-04-03,26.5
1990-04-04,22.9
1990-04-05,17.6
1990-04-06,18.3
1990-04-07,21
1990-04-08,23.5
1990-04-09,23.8
1990-04-10,24.7
1990-04-11,25.3
1990-04-12,23.1
1990-04-13,22.8
1990-04-14,23.3
1990-04-15,24.6
1990-04-16,27.3
1990-04-17,26.1
1990-04-18,22.6
1990-04-19,23.8
1990-04-20,26.2
1990-04-21,28.8
1990-04-22,30.5
1990-04-23,27.8
1990-04-24,21.2
1990-04-25,20.3
1990-04-26,22.1
1990-04-27,24.3
1990-04-28,25.9
1990-04-29,27
1990-04-30,27.3
1990-05-01,27.6
1990-05-02,27.8
1990-05-03,26.6
1990-05-04,22.1
1990-05-05,23
1990-05-06,24.2
1990-05-07,25.2
1990-05-08,24
1990-05-09,26
1990-05-10,27.9
1990-05-11,25.3
1990-05-12,25.6
1990-05-13,27.6
1990-05-14,27.8
1990-05-15,27.5
1990-05-16,26.1
1990-05-17,22.4
1990-05-18,24.9
1990-05-19,26.8
1990-05-20,25.7
1990-05-21,27.4
1990-05-22,28
1990-05-23,26.9
1990-05-24,21.7
1990-05-25,24.1
1990-05-26,25.9
1990-05-27,27.5
1990-05-28,28
1990-05-29,28.6
1990-05-30,27.6
1990-05-31,27.8
1990-06-01,25.5
1990-06-02,27.3
1990-06-03,27.4
1990-06-04,26.4
1990-06-05,29.2
1990-06-06,30.3
1990-06-07,32.9
1990-06-08,29.9
1990-06-09,28
1990-06-10,28.9
1990-06-11,28.2
1990-06-12,29.2
1990-06-13,30.2
1990-06-14,30.5
1990-06-15,30.2
1990-06-16,30.4
1990-06-17,30.9
1990-06-18,29.4
1990-06-19,27.8
1990-06-20,27.6
1990-06-21,29
1990-06-22,29.2
1990-06-23,29.1
1990-06-24,29.5
1990-06-25,28.3
1990-06-26,27.7
1990-06-27,28.1
1990-06-28,27.7
1990-06-29,28.2
1990-06-30,29.8
1990-07-01,28.3
1990-07-02,28.1
1990-07-03,28.5
1990-07-04,29.1
1990-07-05,29.3
1990-07-06,30.1
1990-07-07,30
1990-07-08,30.4
1990-07-09,27
1990-07-10,28.8
1990-07-11,29.5
1990-07-12,30.2
1990-07-13,31.8
1990-07-14,30.5
1990-07-15,28.9
1990-07-16,29.5
1990-07-17,30.8
1990-07-18,30.6
1990-07-19,27.6
1990-07-20,28.4
1990-07-21,26.6
1990-07-22,27.1
1990-07-23,26
1990-07-24,26.8
1990-07-25,26.6
1990-07-26,27.4
1990-07-27,27.8
1990-07-28,27.6
1990-07-29,26.8
1990-07-30,28.4
1990-07-31,30
1990-08-01,30.9
1990-08-02,30.2
1990-08-03,31
1990-08-04,29.6
1990-08-05,30.2
1990-08-06,30.4
1990-08-07,30.9
1990-08-08,30.7
1990-08-09,31.3
1990-08-10,31.1
1990-08-11,28.9
1990-08-12,27.9
1990-08-13,29.2
1990-08-14,29.8
1990-08-15,30.6
1990-08-16,30.8
1990-08-17,31.1
1990-08-18,31.4
1990-08-19,31.2
1990-08-20,32
1990-08-21,32.6
1990-08-22,33
1990-08-23,31.9
1990-08-24,31.2
1990-08-25,28.6
1990-08-26,28.2
1990-08-27,29
1990-08-28,30.5
1990-08-29,29.2
1990-08-30,25.6
1990-08-31,28.3
1990-09-01,30.6
1990-09-02,30
1990-09-03,29
1990-09-04,28.7
1990-09-05,29.2
1990-09-06,29.8
1990-09-07,30.3
1990-09-08,30.8
1990-09-09,30.3
1990-09-10,30.7
1990-09-11,30.9
1990-09-12,29.5
1990-09-13,27.1
1990-09-14,25.1
1990-09-15,26.4
1990-09-16,28.4
1990-09-17,28.8
1990-09-18,29
1990-09-19,27
1990-09-20,24.4
1990-09-21,27.3
1990-09-22,28
1990-09-23,25.4
1990-09-24,26.3
1990-09-25,26.9
1990-09-26,26.8
1990-09-27,28.7
1990-09-28,28
1990-09-29,26
1990-09-30,27.5
1990-10-01,26.8
1990-10-02,26.6
1990-10-03,27
1990-10-04,25.5
1990-10-05,24.6
1990-10-06,24.9
1990-10-07,25.2
1990-10-08,26.9
1990-10-09,27
1990-10-10,25.6
1990-10-11,26.3
1990-10-12,26.1
1990-10-13,26
1990-10-14,25.3
1990-10-15,25.9
1990-10-16,26.2
1990-10-17,26.2
1990-10-18,26.2
1990-10-19,24.9
1990-10-20,24
1990-10-21,25
1990-10-22,26.7
1990-10-23,27.4
1990-10-24,23.6
1990-10-25,23.4
1990-10-26,22.7
1990-10-27,23.1
1990-10-28,22.7
1990-10-29,21.4
1990-10-30,22
1990-10-31,23.5
1990-11-01,25.5
1990-11-02,26
1990-11-03,26.5
1990-11-04,26.9
1990-11-05,26.3
1990-11-06,23
1990-11-07,25.2
1990-11-08,25.9
1990-11-09,20.8
1990-11-10,19.2
1990-11-11,18.4
1990-11-12,20.2
1990-11-13,21.6
1990-11-14,22.4
1990-11-15,21.7
1990-11-16,20.3
1990-11-17,19.8
1990-11-18,22.9
1990-11-19,24.4
1990-11-20,25.1
1990-11-21,22.9
1990-11-22,20.1
1990-11-23,21.6
1990-11-24,21.5
1990-11-25,22.5
1990-11-26,22
1990-11-27,21.2
1990-11-28,21.4
1990-11-29,21.8
1990-11-30,18.8
1990-12-01,16.7
1990-12-02,15.7
1990-12-03,15.6
1990-12-04,15
1990-12-05,16.3
1990-12-06,16.2
1990-12-07,16.5
1990-12-08,17.3
1990-12-09,18.5
1990-12-10,20.2
1990-12-11,22
1990-12-12,22.8
1990-12-13,23.3
1990-12-14,23.3
1990-12-15,22.6
1990-12-16,22
1990-12-17,20.5
1990-12-18,20.9
1990-12-19,22.2
1990-12-20,20.1
1990-12-21,17.7
1990-12-22,17
1990-12-23,17
1990-12-24,17.6
1990-12-25,19.2
1990-12-26,19.3
1990-12-27,20.9
1990-12-28,22.5
1990-12-29,22.7
1990-12-30,22.6
1990-12-31,21.9
